"monk","label"
"ex:monk/hung_duong_thien",
"ex:monk/the_than_bo_tat",
"ex:monk/ha_son_nhien"," Hà Sơn Nhiên"
"ex:monk/giac_hai_phap_nhan","Am Chủ Giác Hải Pháp Nhân"
"ex:monk/am_chu_ho_khe","Am Chủ Hổ Khê"
"ex:monk/kiem_mon_an_phan","Am Chủ Kiếm Môn An Phần"
"ex:monk/nhi_linh_tri_hoa","Am Chủ Nhị Linh Tri Hòa"
"ex:monk/tri_chau_lo_to_giao","Am Chủ Phúc Bồn"
"ex:monk/quy_tong_chi_chi","Am Chủ Quy Tông Chí Chi"
"ex:monk/am_chu_sam_duong","Am Chủ Sam Dương"
"ex:monk/thach_dau_hoai_chi","Am Chủ Thạch Đầu Hoài Chí"
"ex:monk/dang_van_sieu_cap","Am Chủ Tích Thúy Vĩnh"
"ex:monk/tich_thuy_vinh","Am Chủ Tích Thúy Vĩnh"
"ex:monk/am_chu_tu_ngon","Am Chủ Tử Ngôn"
"ex:monk/vinh_phong_tue_nhat","Am Chủ Vĩnh Phong Tuệ Nhật"
"ex:monk/duc_son_tong_thap","Am Chủ Đỉnh Châu Đức Sơn Tông Thập"
"ex:monk/am_chu_dong_phong","Am Chủ Đồng Phong"
"ex:monk/an_hoa_van_nhat","An Hóa Văn Nhất"
"ex:monk/an_quoc_huyen_dinh","An Quốc Huyền Đĩnh"
"ex:monk/anh_cong_ha_tung","Anh Công Hạ Tủng"
"ex:monk/ba_tieu_coc_tuyen","Ba Tiêu Cốc Tuyền"
"ex:monk/ba_tieu_hue_thanh","Ba Tiêu Huệ Thanh"
"ex:monk/bao_than_huu_thuy","Bao Thân Hữu Thụy"
"ex:monk/bao_than_tong_du","Bao Thân Tông Dụ"
"ex:monk/bien_dam_hieu_lieu","Biển Đam Hiểu Liễu"
"ex:monk/ba_xa_tu_da","Bà Xá Tư Đa"
"ex:monk/ban_son_bao_tich","Bàn Sơn Bảo Tích"
"ex:monk/bach_linh","Bách Linh"
"ex:monk/bach_nham_minh_triet","Bách Nham Minh Triết"
"ex:monk/bach_nhan_minh_triet","Bách Nhan Minh Triết"
"ex:monk/bach_truong_duy_chanh","Bách Trượng Duy Chánh"
"ex:monk/bach_truong_duy_co","Bách Trượng Duy Cổ"
"ex:monk/bach_truong_di_the","Bách Trượng Dĩ Thê"
"ex:monk/bach_truong_hoai_hai","Bách Trượng Hoài Hải"
"ex:monk/bach_truong_nguyen_tuc","Bách Trượng Nguyên Túc"
"ex:monk/bach_tu_duc_tung","Bách Tử Ðức Tung"
"ex:monk/bach_truong_hoai_hai","Bách_Trượng_Hoài_Hải"
"ex:monk/bao_ban_tue_nguyen","Báo Bản Tuệ Nguyên"
"ex:monk/bao_tu_tan_anh","Báo Từ Tấn Anh"
"ex:monk/bao_an_phap_dien","Báo Ân Pháp Diễn"
"ex:monk/bao_an_thanh","Báo Ân Thành"
"ex:monk/bich_phong_tanh_kim","Bích Phong Tánh Kim"
"ex:monk/bach_van_khong_do","Bích Thiên Thanh Không"
"ex:monk/bich_thien_thanh_khong","Bích Thiên Thanh Không"
"ex:monk/bach_duong_phap_thuan","Bạch Dương Pháp Thuận"
"ex:monk/bach_ma_dam_chieu","Bạch Mã Đàm Chiếu"
"ex:monk/bach_tao_nghiem","Bạch Tảo Nghiễm"
"ex:monk/bach_van_khong_do","Bạch Vân Không Độ"
"ex:monk/bach_van_thu_doan","Bạch Vân Thủ Đoan"
"ex:monk/ban_giac_nha_chau","Bản Giác Nhã Châu"
"ex:monk/ban_tich_van_quan","Bản Tịch Văn Quan"
"ex:monk/bao_cai_tu_can","Bảo Cái Tử Cần"
"ex:monk/bao_hoa_hien","Bảo Hoa Hiển"
"ex:monk/bao_hoa_pho_giam","Bảo Hoa Phổ Giám"
"ex:monk/bao_ninh_nhan_dung","Bảo Ninh Nhân Dũng"
"ex:monk/nguyet_chuong_tri_uyen","Bảo Ninh Nhân Dũng"
"ex:monk/bao_ninh_vien_co","Bảo Ninh Viên Cơ"
"ex:monk/bao_phuoc_ban_quyen","Bảo Phước Bản Quyền"
"ex:monk/bao_phuoc_thu","Bảo Phước Thù"
"ex:monk/bao_tho","Bảo Thọ"
"ex:monk/bao_tho","Bảo Thọ (Đời thứ 2)"
"ex:monk/bao_tho_dien_chieu","Bảo Thọ Diên Chiểu"
"ex:monk/bao_tang_ban","Bảo Tạng Bản"
"ex:monk/bao_ung_phap_chieu","Bảo Ứng Pháp Chiêu"
"ex:monk/bac_giang_tay_lan_nhuong","Bắc Giang Tây Lan Nhượng"
"ex:monk/bac_son_tu_kinh","Bắc Sơn Tử Kinh"
"ex:monk/bo_tat_long_tho","Bồ Tát Long Thọ"
"ex:monk/bo_tat_ma_minh","Bồ Tát Mã Minh"
"ex:monk/bo_de_quang_dung","Bồ Đề Quang Dụng"
"ex:monk/lam_te_nghia_huyen","Bồ Đề Quang Dụng"
"ex:monk/bong_lai_khanh","Bồng Lai Khanh"
"ex:monk/bong_lai_vien","Bồng Lai Viên"
"ex:monk/bon_khe","Bổn Khê"
"ex:monk/bon_qua_khoang_vien","Bổn Quả Khoáng Viên"
"ex:monk/bon_tri_minh_giac","Bổn Trí Minh Giác"
"ex:monk/bon_dong","Bổn Đồng"
"ex:monk/cao_am_vien_thanh","Cao Am Viên Thanh"
"ex:monk/cao_an_dai_ngu","Cao An Đại Ngu"
"ex:monk/cao_phong_nguyen_dieu","Cao Phong Nguyên Diệu"
"ex:monk/chieu_giac_thieu_an","Chiêu Giác Thiệu Uyên"
"ex:monk/chieu_giac_thuan_bach","Chiêu Giác Thuần Bạch"
"ex:monk/chieu_giac_dao_nguyen","Chiêu Giác Ðạo Nguyên"
"ex:monk/chieu_giac_dao_to","Chiêu Giác Ðạo Tổ"
"ex:monk/chieu_hien_hoi_thong","Chiêu Hiền Hội Thông"
"ex:monk/chieu_giac_thuong_tong","Chiếu Giác Thường Tổng"
"ex:monk/chieu_hien_hoi_thong","Chiều Hiền Hội Thông"
"ex:monk/chieu_de_tue_lang","Chiều Đề Tuệ Lãng"
"ex:monk/chung_nam_phong_duc","Chung Nam Phong Đức"
"ex:monk/chung_nam_su_to_van_te","Chung Nam Sư Tổ Vân Tế"
"ex:monk/chung_son_dao_long","Chung Sơn Ðạo Long"
"ex:monk/chung_son_dam_thoi","Chung Sơn Đàm Thôi"
"ex:monk/chanh_nhac_bon_sieu","Chánh Nhạc Bổn Siêu"
"ex:monk/chanh_phap_hy_ninh","Chánh Pháp Hy Ninh"
"ex:monk/chanh_phap_kien","Chánh Pháp Kiến"
"ex:monk/chanh_truyen_huyen_huu","Chánh Truyền Huyễn Hữu"
"ex:monk/chan_nhu_gioi_huong","Chân Như Giới Hương"
"ex:monk/chan_dao_bich_phong","Chân Đạo Bích Phong"
"ex:monk/chuc_tho_quang_thien","Chúc Thọ Quảng Thiện"
"ex:monk/chon_an_chanh_liem","Chơn An Chánh Liêm"
"ex:monk/chon_bich_tri_huy","Chơn Bích Trí Huy"
"ex:monk/chon_bon_phuoc_khanh","Chơn Bổn Phước Khánh"
"ex:monk/chon_chanh_phap_tang","Chơn Chánh Pháp Tạng"
"ex:monk/chon_chau_van_thanh","Chơn Châu Vạn Thành"
"ex:monk/chon_chat_quang_long","Chơn Chất Quang Long"
"ex:monk/chon_chung_thien_qua","Chơn Chứng Thiện Quả"
"ex:monk/chon_cong_vien_giac","Chơn Công Viên Giác"
"ex:monk/chon_canh_hue_duyet","Chơn Cảnh Huệ Duyệt"
"ex:monk/chon_canh_tri_thang","Chơn Cảnh Trí Thắng"
"ex:monk/chon_dung_pho_nhuan","Chơn Dung Phổ Nhuận"
"ex:monk/chon_giac_long_hai","Chơn Giác Long Hải"
"ex:monk/chon_giam_tri_hai","Chơn Giám Trí Hải"
"ex:monk/chon_hue_pho_tri","Chơn Huệ Phổ Trí"
"ex:monk/chon_huong_chi_bao","Chơn Hương Chí Bảo"
"ex:monk/chon_huong_thien_quang","Chơn Hương Thiên Quang"
"ex:monk/chon_khai_pho_hy","Chơn Khai Phổ Hy"
"ex:monk/chon_kim_phap_lam","Chơn Kim Pháp Lâm"
"ex:monk/chon_kinh_phap_huong","Chơn Kinh Pháp Hương"
"ex:monk/chon_kiet_pho_hoa","Chơn Kiết Phổ Hóa"
"ex:monk/chon_luan_phuoc_hue","Chơn Luận Phước Huệ"
"ex:monk/chon_mien_tri_hung","Chơn Miên Trí Hưng"
"ex:monk/chon_man_khanh_phu","Chơn Mẫn Khánh Phú"
"ex:monk/chon_ngoc_long_tri","Chơn Ngọc Long Trí"
"ex:monk/chon_nha_hoang_nghia","Chơn Nhã Hoằng Nghĩa"
"ex:monk/chon_nhan_phuoc_dien","Chơn Nhẫn Phước Điền"
"ex:monk/chon_phap_phuoc_tri","Chơn Pháp Phước Trí"
"ex:monk/chon_phat_long_ton","Chơn Phát Long Tôn"
"ex:monk/chon_phu_bich_lam","Chơn Phú Bích Lâm"
"ex:monk/chon_phuoc_hoang_tho","Chơn Phước Hoằng Thọ"
"ex:monk/chon_quang_hoang_nhon","Chơn Quang Hoằng Nhơn"
"ex:monk/chon_quy_khanh_anh","Chơn Quý Khánh Anh"
"ex:monk/chon_quy_phuoc_long","Chơn Quý Phước Long"
"ex:monk/chon_quynh_dieu_nguyen","Chơn Quỳnh Diệu Nguyên"
"ex:monk/chon_sam_pho_truyen","Chơn Sâm Phổ Truyền"
"ex:monk/chon_su_khanh_tin","Chơn Sử Khánh Tín"
"ex:monk/chon_su_khanh_quy","Chơn Sự Khánh Quý"
"ex:monk/chon_thanh_bich_nguyen","Chơn Thanh Bích Nguyên"
"ex:monk/chon_thanh_tu_van","Chơn Thanh Từ Văn"
"ex:monk/chon_thanh_khanh_ngoc","Chơn Thành Khánh Ngọc"
"ex:monk/chon_thanh_quan_hue","Chơn Thành Quan Huệ"
"ex:monk/chon_thuong_khanh_do","Chơn Thường Khánh Độ"
"ex:monk/chon_thuong_quan_thien","Chơn Thường Quan Thiện"
"ex:monk/chon_that_phap_ngai","Chơn Thật Pháp Ngãi"
"ex:monk/chon_the_pho_minh","Chơn Thể Phổ Minh"
"ex:monk/chon_trung_dieu_quang","Chơn Trung Diệu Quang"
"ex:monk/chon_trung_minh_uc","Chơn Trung Minh Ðức"
"ex:monk/chon_trung_dao_thanh","Chơn Trừng Đạo Thanh"
"ex:monk/chon_ta_ton_bao","Chơn Tá Tôn Bảo"
"ex:monk/chon_tanh_hoang_dinh","Chơn Tánh Hoằng Định"
"ex:monk/chon_tam_phap_than","Chơn Tâm Pháp Thân"
"ex:monk/chon_tam_vien_minh","Chơn Tâm Viên Minh"
"ex:monk/chon_tin_phap_hy","Chơn Tín Pháp Hỷ"
"ex:monk/chon_ien_ao_phuoc","Chơn Ðiền Ðạo Phước"
"ex:monk/chon_dien_khanh_tri","Chơn Điển Khánh Trí"
"ex:monk/chon_dao_chi_tam","Chơn Đạo Chí Tâm"
"ex:monk/chon_danh_long_chuong","Chơn Đảnh Long Chương"
"ex:monk/chon_dinh_phuoc_thong","Chơn Đỉnh Phước Thông"
"ex:monk/chuong_an_quang_khanh","Chương An Quảng Khánh"
"ex:monk/chuong_chau_la_han","Chương Châu La Hán"
"ex:monk/chuong_chau_phu_thach","Chương Châu Phù Thạch"
"ex:monk/chuong_chi_thien_phuoc","Chương Chí Thiên Phước"
"ex:monk/chuong_chat_quang_thanh","Chương Chất Quảng Thành"
"ex:monk/chuong_hiep_chanh_tri","Chương Hiệp Chánh Trì"
"ex:monk/chuong_huong_chi_thang","Chương Hương Chí Thắng"
"ex:monk/chuong_hai_thanh_nguyen","Chương Hải Thanh Nguyên"
"ex:monk/chuong_khoang_chung_dao","Chương Khoáng Chứng Đạo"
"ex:monk/chuong_khuoc_giac_tanh","Chương Khước Giác Tánh"
"ex:monk/chuong_kinh_hoai_uan","Chương Kính Hoài Uẩn"
"ex:monk/chuong_lanh_nguyen_tu","Chương Lành Nguyên Từ"
"ex:monk/chuong_ly_hoang_hoa","Chương Lý Hoằng Hóa"
"ex:monk/chuong_ly_tri_quang","Chương Lý Trí Quang"
"ex:monk/chuong_nghia_thanh_tuyen","Chương Nghĩa Thanh Tuyền"
"ex:monk/chuong_nguyet_long_tang","Chương Nguyệt Long Tạng"
"ex:monk/chuong_nhan_thien_uc","Chương Nhân Thiện Ðức"
"ex:monk/chuong_nhu_tu_y","Chương Như Từ Ý"
"ex:monk/chuong_nhan_quang_hoa","Chương Nhẫn Quảng Hóa"
"ex:monk/chuong_nhan_tu_nhan","Chương Nhẫn Từ Nhân"
"ex:monk/chuong_niem_quang_giac","Chương Niệm Quảng Giác"
"ex:monk/chuong_quang_mat_hanh","Chương Quảng Mật Hạnh"
"ex:monk/chuong_thien_hoang_ao","Chương Thiện Hoằng Ðạo"
"ex:monk/chuong_trang_quang_chan","Chương Trang Quảng Chấn"
"ex:monk/chuong_truyen_phap_hoa","Chương Truyền Pháp Hóa"
"ex:monk/chuong_tri_quang_giac","Chương Trí Quảng Giác"
"ex:monk/chuong_tanh_quang_nhuan","Chương Tánh Quảng Nhuận"
"ex:monk/chuong_tam_phuoc_thuong","Chương Tâm Phước Thường"
"ex:monk/chuong_tan_chanh_nhan","Chương Tân Chánh Nhân"
"ex:monk/chuong_tin_hoang_an","Chương Tín Hoằng Ân"
"ex:monk/chuong_tu_hue_quang","Chương Tư Huệ Quang"
"ex:monk/chuong_tuong_vinh_ien","Chương Tường Vĩnh Ðiền"
"ex:monk/chuong_tu_quang_thien","Chương Từ Quảng Thiện"
"ex:monk/chuong_van_quang_o","Chương Vạn Quảng Ðộ"
"ex:monk/chuong_ac_tri_tap","Chương Ðắc Trí Tập"
"ex:monk/chuong_dan_huyen_dat","Chương Đàn Huyền Đạt"
"ex:monk/chuong_dao_quang_vien","Chương Đạo Quảng Viên"
"ex:monk/chat_sanh_tich_van","Chất Sanh Tịch Văn"
"ex:monk/cs_huong","Cs Hướng"
"ex:monk/can_nguyen_tong_dinh","Càn Nguyên Tông Dĩnh"
"ex:monk/can_nguyen_vien","Càn Nguyên Viên"
"ex:monk/can_phong_vien_tue","Càn Phong Viên Tuệ"
"ex:monk/cat_chau_chi_thanh","Cát Châu Chí Thành"
"ex:monk/cat_chau_chi_quan","Cát Châu Chỉ Quán"
"ex:monk/cat_chau_tanh_khong","Cát Châu Tánh Không"
"ex:monk/can_tu_son_sung_hue","Cân Tử Sơn Sùng Huệ"
"ex:monk/cong_an_to_chau","Công An Tổ Châu"
"ex:monk/cu_chau_loi_tung_tu_ho","Cù Châu Lợi Tung Tử Hồ"
"ex:monk/co_luong_nhan_phon","Cơ Lượng Nhân Phồn"
"ex:monk/anh_cong_ha_tung","Cư Sĩ Anh Công Hạ Tủng"
"ex:monk/ngo_tuan","Cư Sĩ Bí Thư Ngô Tuân"
"ex:monk/phung_tiep","Cư Sĩ Cấp Sự Phùng Tiếp"
"ex:monk/banh_nhu_lam","Cư Sĩ Gián Nghị Bành Nhữ Lâm"
"ex:monk/cs_huong","Cư Sĩ Hướng"
"ex:monk/long_ho_vuong_tieu","Cư Sĩ Long Hồ Vương Tiêu"
"ex:monk/mac_tuong_thieu_hu","Cư Sĩ Mạc Tướng Thượng Thư Thiếu Hư"
"ex:monk/tang_khai","Cư Sĩ Nội Hàng Tăng Khai"
"ex:monk/ly_tuan_uc","Cư Sĩ Phù Mã Lý Tuân Úc"
"ex:monk/quan_van_vuong_thieu","Cư Sĩ Quán Văn Vương Thiều"
"ex:monk/tien_doan_le","Cư Sĩ Tham Chánh Tiền Ðoan Lễ"
"ex:monk/to_triet","Cư Sĩ Tham Chánh Tô Triệt"
"ex:monk/hoang_dinh_kien","Cư Sĩ Thái Sử Hoàng Ðình Kiên"
"ex:monk/hoang_long_tri_minh","Cư Sĩ Thái Sử Hoàng Ðình Kiên"
"ex:monk/ly_di_ton","Cư Sĩ Thị Lang Lý Di Tốn"
"ex:monk/ly_hao","Cư Sĩ Thị Lang Lý Hạo"
"ex:monk/thuong_anh","Cư Sĩ Thừa Tướng Trương Thương Anh"
"ex:monk/lu_hang","Cư Sĩ Trung Thừa Lư Hàng"
"ex:monk/pham_xung","Cư Sĩ Tả Thừa Phạm Xung"
"ex:monk/do_huong_trinh","Cư Sĩ Tả Ty Ðô Huống Trịnh"
"ex:monk/doi_dao_thuan","Cư Sĩ Tự Thừa Ðới Đạo Thuần"
"ex:monk/ty_bo_ton","Cư Sĩ Tỷ Bộ Tôn"
"ex:monk/van_cong_duong_uc","Cư Sĩ Văn Công Dương Ức"
"ex:monk/van_dinh_ho_an_quoc","Cư Sĩ Văn Ðịnh Hồ An Quốc"
"ex:monk/ngo_cu_hau","Cư Sĩ Xu Mật Ngô Cư Hậu"
"ex:monk/xu_mat_tu_phu","Cư Sĩ Xu Mật Từ Phủ"
"ex:monk/quach_tuong_chanh","Cư Sĩ Ðề Hình Quách Tường Chánh"
"ex:monk/phan_luong_quy","Cư Sĩ Đãi Chế Phan Lương Quý"
"ex:monk/cam_thanh","Cảm Thành"
"ex:monk/cam_dam_tu_quoc","Cảm Đàm Tư Quốc"
"ex:monk/canh_phuoc_nhat_du","Cảnh Phước Nhật Dư"
"ex:monk/canh_phuoc_tinh_duyet","Cảnh Phước Tỉnh Duyệt"
"ex:monk/canh_thanh_cu_to","Cảnh Thanh Cư Tố"
"ex:monk/coc_son_hai","Cốc Sơn Hải"
"ex:monk/coc_an_tinh_hien","Cốc Ẩn Tĩnh Hiển"
"ex:monk/coc_an_uan_thong","Cốc Ẩn Uẩn Thông"
"ex:monk/co_chuyet_nguyen_hau","Cổ Chuyết Nguyên Hậu"
"ex:monk/co_linh_than_tan","Cổ Linh Thần Tán"
"ex:monk/co_son_an_vinh","Cổ Sơn An Vĩnh"
"ex:monk/co_son_tong_dai","Cổ Sơn Tông Ðãi"
"ex:monk/co_son_tang_tuan","Cổ Sơn Tăng Tuân"
"ex:monk/co_son_to_tran","Cổ Sơn Tổ Trân"
"ex:monk/co_tu","Cổ Tự"
"ex:monk/cuu_phong_hy_quang","Cửu Phong Hy Quảng"
"ex:monk/cuu_phong_tu_tue","Cửu Phong Từ Tuệ"
"ex:monk/cuu_tien_phap","Cửu Tiên Pháp"
"ex:monk/cuu_tong_phap_minh","Cửu Tông Pháp Minh"
"ex:monk/cuu_danh_tue_tuyen","Cửu Đảnh Tuệ Tuyền"
"ex:monk/cuu_danh_to","Cửu Đảnh Tố"
"ex:monk/di_phong_kinh_ninh","Di Phong Kính Ninh"
"ex:monk/diem_quan_te_an","Diêm Quan Tề An"
"ex:monk/dien_khanh_hong_chuan","Diên Khánh Hồng Chuẩn"
"ex:monk/dien_khanh_phap_doan","Diên Khánh Pháp Đoan"
"ex:monk/dien_khanh_thuc","Diên Khánh Thúc"
"ex:monk/dien_phuc_tue_thang","Diên Phúc Tuệ Thăng"
"ex:monk/duc_vuong_doan_du","Diên Phúc Tuệ Thăng"
"ex:monk/dien_triet_hu_van","Diễn Triệt Hư Vân"
"ex:monk/diep_huyen_quy_tinh","Diệp Huyện Quy Tỉnh"
"ex:monk/dieu_lien_thanh_hoa","Diệu Liên Thánh Hóa"
"ex:monk/dieu_tue","Diệu Tuệ"
"ex:monk/duy_sieu_nang_xan","Duy Siêu Năng Xán"
"ex:monk/duy_thanh_linh_nguyen","Duy Thanh Linh Nguyên"
"ex:monk/duyet_chau_hang_ma_tang","Duyện Châu Hàng Ma Tạng"
"ex:monk/duong_chau_tue_giac","Dương Châu Tuệ Giác"
"ex:monk/duong_chau_te_mat","Dương Châu Tề Mật"
"ex:monk/duong_ky_chan_thuc","Dương Kỳ Chân Thúc"
"ex:monk/duong_ky_phuong_hoi","Dương Kỳ Phương Hội"
"ex:monk/duoc_lam_thach_quan","Dược Lâm Thạch Quan"
"ex:monk/duoc_son_duy_nghiem","Dược Sơn Duy Nghiễm"
"ex:monk/duoc_son_sa_di_cao","Dược Sơn Sa Di Cao"
"ex:monk/duc_vuong_gioi_kham","Dục Vương Giới Kham"
"ex:monk/duc_vuong_phap_dat","Dục Vương Pháp Ðạt"
"ex:monk/duc_vuong_tinh_dam","Dục Vương Tịnh Ðàm"
"ex:monk/duc_vuong_doan_du","Dục Vương Ðoan Dụ"
"ex:monk/duc_vuong_dai_quan","Dục Vương Đại Quan"
"ex:monk/duc_vuong_duc_quang","Dục Vương Đại Quan"
"ex:monk/duc_vuong_duc_quang","Dục Vương Đức Quang"
"ex:monk/gia_tien","Gia Tiền"
"ex:monk/gia_tuong_cat_tang","Gia Tường Cát Tạng"
"ex:monk/giang_chau_long_van_dai","Giang Châu Long Vân Đài"
"ex:monk/giang_chau_ly_bot","Giang Châu Lý Bột"
"ex:monk/giang_chau_song_khe_dien","Giang Châu Song Khê Điền"
"ex:monk/giang_tay_bai_tho","Giang Tây Bại Thọ"
"ex:monk/giang_tay_chi_triet","Giang Tây Chí Triệt"
"ex:monk/dong_son_te_vi","Giác A"
"ex:monk/giac_a","Giác A"
"ex:monk/giac_bao_thanh","Giác Báo Thanh"
"ex:monk/giac_tam","Giác Tâm"
"ex:monk/giao_trung_di_quang","Giáo Trung Di Quang"
"ex:monk/giap_son_hieu_thuan","Giáp Sơn Hiểu Thuần"
"ex:monk/gioi_hai_vinh_tu","Giới Hải Vĩnh Từ"
"ex:monk/hiep_ton_gia","Hiếp Tôn Giả"
"ex:monk/hien_ninh_vien_tri","Hiển Ninh Viên Trí"
"ex:monk/hoa_duoc_nghia_nhien","Hoa Dược Nghĩa Nhiên"
"ex:monk/hoa_duoc_nguyen_cung","Hoa Dược Nguyên Cung"
"ex:monk/hoa_lam_giac","Hoa Lâm Giác"
"ex:monk/hoa_lam_thien_giac","Hoa Lâm Thiện Giác"
"ex:monk/hoa_nghiem_pho_tu","Hoa Nghiêm Phổ Tư"
"ex:monk/hoa_nghiem_to_giac","Hoa Nghiêm Tổ Giác"
"ex:monk/hoa_nghiem_dao_long","Hoa Nghiêm Ðạo Long"
"ex:monk/hoa_tang_an_dan","Hoa Tạng An Dân"
"ex:monk/hoa_tang_giac_thong","Hoa Tạng Giác Thông"
"ex:monk/hoa_tang_tri_tham","Hoa Tạng Trí Thâm"
"ex:monk/hoa_dinh_thuyen_tu_duc_thanh","Hoa Đình Thuyền Tử Đức Thành"
"ex:monk/hoang_ba_duy_thang","Hoàng Bá Duy Thắng"
"ex:monk/hoang_ba_hy_van","Hoàng Bá Hy Vận"
"ex:monk/hoang_ba_vinh_thai","Hoàng Bá Vĩnh Thái"
"ex:monk/tue_nhat_minh","Hoàng Bá Vĩnh Thái"
"ex:monk/hoang_ba_dao_toan","Hoàng Bá Ðạo Toàn"
"ex:monk/hoang_lien_nghia_so","Hoàng Liên Nghĩa Sơ"
"ex:monk/hoang_long_hue_nam","Hoàng Long Huệ Nam"
"ex:monk/hoang_long_ngo_tan","Hoàng Long Ngộ Tân"
"ex:monk/hoang_long_nhu_hieu","Hoàng Long Như Hiểu"
"ex:monk/hoang_long_phap_trung","Hoàng Long Pháp Trung"
"ex:monk/hoang_long_tri_minh","Hoàng Long Trí Minh"
"ex:monk/hoang_long_dao_quan","Hoàng Long Ðạo Quán"
"ex:monk/hoang_long_duc_phung","Hoàng Long Ðức Phùng"
"ex:monk/hoang_lau_dieu_tan","Hoàng Lầu Diệu Tấn"
"ex:monk/hoang_ba_hy_van","Hoàng_Bá_Hy_Vận"
"ex:monk/hoanh_hoa_nguyen_ngo","Hoành Hóa Nguyên Ngộ"
"ex:monk/hoat_ngo_long_tham","Hoát Ngộ Long Tham"
"ex:monk/hoac_son_canh_thong","Hoắc Sơn Cảnh Thông"
"ex:monk/hoang_chat","Hoằng Chất"
"ex:monk/hoang_nguyen","Hoằng Nguyện"
"ex:monk/hoang_tho","Hoằng Thọ"
"ex:monk/hoac_am_su_the","Hoặc Am Sư Thể"
"ex:monk/huyen_sa_hop_van","Huyền Sa Hợp Văn"
"ex:monk/huyen_sa_tang_chieu","Huyền Sa Tăng Chiêu"
"ex:monk/huyen_sach","Huyền Sách"
"ex:monk/hue_lam","Huệ Lâm"
"ex:monk/hue_trang","Huệ Tràng"
"ex:monk/hue_doan","Huệ Đoan"
"ex:monk/ha_bac_tri_hoang","Hà Bắc Trí Hoàng"
"ex:monk/ha_son_nhien","Hà Sơn Nhiên"
"ex:monk/ha_son_thu_tuan","Hà Sơn Thủ Tuân"
"ex:monk/ha_trung_cong_ky","Hà Trung Công Kỳ"
"ex:monk/ha_trach_than_hoi","Hà Trạch Thần Hội"
"ex:monk/hang_chau_so_nam","Hàng Châu Sở Nam"
"ex:monk/hang_chau_thien_long","Hàng Châu Thiên Long"
"ex:monk/hang_chau_van_hy","Hàng Châu Văn Hỷ"
"ex:monk/hang_chau_da_phuoc","Hàng Châu Đa Phước"
"ex:monk/hanh_nhac_phung_nang","Hành Nhạc Phụng Năng"
"ex:monk/hanh_nhac_dao_bien","Hành Nhạc Đạo Biện"
"ex:monk/han_nam_cao_dinh","Hán Nam Cao Đình"
"ex:monk/han_chau_da_dia","Hân Châu Đả Địa"
"ex:monk/hoa_son_chi_truyen","Hòa Sơn Chí Truyền"
"ex:monk/hoa_son_hue_phuong","Hòa Sơn Huệ Phương"
"ex:monk/hoa_son_duc_pho","Hòa Sơn Ðức Phổ"
"ex:monk/hu_chu_pho_do","Hư Chu Phổ Độ"
"ex:monk/hung_duong_hien","Hưng Dương Hiền"
"ex:monk/hung_giao_tue_thuan","Hưng Giáo Tuệ Thuân"
"ex:monk/hung_hoa_kha_do","Hưng Hóa Khả Ðô"
"ex:monk/hung_hoa_nhan_nhac","Hưng Hóa Nhân Nhạc"
"ex:monk/hung_hoa_phap_trung","Hưng Hóa Pháp Trừng"
"ex:monk/hung_hoa_thieu_thanh","Hưng Hóa Thiệu Thanh"
"ex:monk/hung_hoa_ton_tuong","Hưng Hóa Tồn Tương"
"ex:monk/hung_hoa_ton_tuong","Hưng Hóa Tồn Tưởng"
"ex:monk/hung_phuoc_khuong_nguyen","Hưng Phước Khương Nguyên"
"ex:monk/hung_quoc_chan_lang","Hưng Quốc Chấn Lãng"
"ex:monk/hung_quoc_khe_nha","Hưng Quốc Khế Nhã"
"ex:monk/huong_duong_hy_an","Hương Dương Hy Ẩn"
"ex:monk/huong_nghiem_nghia_doan","Hương Nghiêm Nghĩa Đoan"
"ex:monk/huong_nghiem_tri_nhan","Hương Nghiêm Trí Nhàn"
"ex:monk/huong_nghiem_dong_phu","Hương Nghiêm Ðộng Phu"
"ex:monk/huong_son_duy_duc","Hương Sơn Duy Đức"
"ex:monk/huong_son_uan_luong","Hương Sơn Uẩn Lương"
"ex:monk/hac_lam_huyen_to","Hạc Lâm Huyền Tố"
"ex:monk/hanh_dao_chung_hoa","Hạnh Đạo Chủng Hoa"
"ex:monk/hai_hoi_thu_tung","Hải Hội Thủ Tung"
"ex:monk/hac_nhan","Hắc Nhãn"
"ex:monk/hoi_duong_to_tam","Hối Đường Tổ Tâm"
"ex:monk/ho_nam_dong_tu_nhu_hoi","Hồ Nam Đông Tự Như Hội"
"ex:monk/hong_chau_me_linh","Hồng Châu Mễ Lĩnh"
"ex:monk/hong_chau_phap_dat","Hồng Châu Pháp Đạt"
"ex:monk/hong_chau_thuy_lao","Hồng Châu Thủy Lão"
"ex:monk/hong_chau_tay_son_luong","Hồng Châu Tây Sơn Lượng"
"ex:monk/hong_chau_dong_son_tue","Hồng Châu Đông Sơn Tuệ"
"ex:monk/hong_chuong_tri_duc","Hồng Chương Trí Đức"
"ex:monk/hong_dieu_thien_dao","Hồng Diệu Thiện Đạo"
"ex:monk/hong_lau_dieu_tan","Hồng Lầu Diệu Tấn"
"ex:monk/hong_minh_tu_hoi","Hồng Minh Từ Hội"
"ex:monk/hong_mao_thien_tam","Hồng Mão Thiện Tâm"
"ex:monk/hong_nhon_tu_nhan","Hồng Nhơn Từ Nhẫn"
"ex:monk/hong_nhan_tu_nhon","Hồng Nhẫn Từ Nhơn"
"ex:monk/hong_phap_thien_minh","Hồng Pháp Thiện Minh"
"ex:monk/hong_phuoc_tu_giao","Hồng Phước Tử Giao"
"ex:monk/hong_quy_buu_thanh","Hồng Quý Bửu Thanh"
"ex:monk/hong_sang_thien_quang","Hồng Sáng Thiện Quang"
"ex:monk/hong_thong_tri_chau","Hồng Thông Trí Châu"
"ex:monk/hong_trung_dieu_hau","Hồng Trung Diệu Hậu"
"ex:monk/hong_trung_thien_tin","Hồng Trung Thiện Tín"
"ex:monk/hong_tong_pho_quang","Hồng Tòng Phổ Quảng"
"ex:monk/hong_toi_thien_tuong","Hồng Tôi Thiện Tường"
"ex:monk/hong_tong_quang_dat","Hồng Tồng Quảng Đạt"
"ex:monk/hong_tu_dieu_nga","Hồng Từ Diệu Nga"
"ex:monk/hong_xung_thien_quang","Hồng Xứng Thiện Quang"
"ex:monk/ho_khau_nguyen_tinh","Hổ Khâu Nguyên Tịnh"
"ex:monk/ho_khau_thieu_long","Hổ Khâu Thiệu Long"
"ex:monk/ho_quoc_canh_nguyen","Hộ Quốc Cảnh Nguyên"
"ex:monk/ho_quoc_canh_tan","Hộ Quốc Cảnh Tân"
"ex:monk/ho_quoc_tue_ban","Hộ Quốc Tuệ Bản"
"ex:monk/ho_quoc_te_nguyet","Hộ Quốc Tề Nguyệt"
"ex:monk/huu_thanh_phap_cu","Hựu Thánh Pháp Cư"
"ex:monk/khai_nguyen_chi_khiem","Khai Nguyên Chí Khiêm"
"ex:monk/khai_nguyen_tu_kha","Khai Nguyên Tử Kha"
"ex:monk/khai_phuoc_tong_triet","Khai Phước Tông Triết"
"ex:monk/khai_phuoc_dao_ninh","Khai Phước Đạo Ninh"
"ex:monk/khai_thien_dao_khiem","Khai Thiện Đạo Khiêm"
"ex:monk/khai_thanh_bao_tinh","Khai Thánh Bảo Tình"
"ex:monk/khai_tien_hanh_anh","Khai Tiên Hạnh Anh"
"ex:monk/khoan_tinh","Khoan Tịnh"
"ex:monk/khanh_thien_pho_nang","Khánh Thiện Phổ Năng"
"ex:monk/khanh_thien_tong_chan","Khánh Thiện Tông Chấn"
"ex:monk/kham_son_pho_so","Khâm Sơn Phổ Sơ"
"ex:monk/khong_hoa_hue_chieu","Không Hoa Huệ Chiếu"
"ex:monk/khong_that_tri_thong","Không Thất Trí Thông"
"ex:monk/khong_tam_tri_quang","Không Tâm Trí Quảng"
"ex:monk/khong_tin_ke_chau","Không Tín Kế Châu"
"ex:monk/khe_vi","Khế Vi"
"ex:monk/kim_chau_thao","Kim Châu Thao"
"ex:monk/kim_hoa_cau_chi","Kim Hoa Câu Chi"
"ex:monk/kim_lang_du_dao_ba","Kim Lăng Du Đạo Bà"
"ex:monk/kim_lang_phap_tri","Kim Lăng Pháp Trì"
"ex:monk/kim_son_thien_khai","Kim Sơn Thiện Khai"
"ex:monk/kim_son_dam_dinh","Kim Sơn Ðàm Dĩnh"
"ex:monk/kinh_trieu_duy_khoan","Kinh Triệu Duy Khoan"
"ex:monk/kinh_trieu_hoang_bien","Kinh Triệu Hoằng Biện"
"ex:monk/kinh_trieu_hung_binh","Kinh Triệu Hưng Bình"
"ex:monk/kinh_trieu_me_ho","Kinh Triệu Mễ Hồ"
"ex:monk/kinh_trieu_thi_loi","Kinh Triệu Thi Lợi"
"ex:monk/kinh_trieu_thao_duong","Kinh Triệu Thảo Đường"
"ex:monk/kiem_mon_nam_tu_tao","Kiếm Môn Nam Tu Tạo"
"ex:monk/kien_chau_bach_van_uoc","Kiến Châu Bạch Vân Ước"
"ex:monk/kien_long_chieu_khanh","Kiến Long Chiêu Khánh"
"ex:monk/kien_chau_xu_triet","Kiền Châu Xứ Triệt"
"ex:monk/kien_chau_xu_triet","Kiền Châu Xứ Vy"
"ex:monk/ke_lam_dao_nghia","Kê Lâm Đạo Nghĩa"
"ex:monk/kinh_son_bao_an","Kính Sơn Bảo Ấn"
"ex:monk/kinh_son_giam_tong","Kính Sơn Giám Tông"
"ex:monk/kinh_son_hanh_doan","Kính Sơn Hạnh Ðoan"
"ex:monk/kinh_son_hong_nhan","Kính Sơn Hồng Nhân"
"ex:monk/kinh_son_nguyen_hy","Kính Sơn Nguyên Hy"
"ex:monk/kinh_son_nhu_diem","Kính Sơn Như Diễm"
"ex:monk/kinh_son_thien_tran","Kính Sơn Thiện Trân"
"ex:monk/kinh_son_tri_sach","Kính Sơn Trí Sách"
"ex:monk/kinh_son_dao_kham","Kính Sơn Đạo Khâm"
"ex:monk/kinh_son_dao_xung","Kính Sơn Đạo Xung"
"ex:monk/ky_ngan_pho_minh","Kỳ Ngạn Phổ Minh"
"ex:monk/la_han_he_nam","La Hán Hệ Nam"
"ex:monk/la_han_tong_triet","La Hán Tông Triệt"
"ex:monk/la_phu_hy","La Phù Hy"
"ex:monk/lang_da_vinh_khoi","Lang Da Vĩnh Khởi"
"ex:monk/lang_nha_phuong_duyet","Lang Nha Phương Duyệt"
"ex:monk/lang_nha_tue_giac","Lang Nha Tuệ Giác"
"ex:monk/lang_son_tue_on","Lang Sơn Tuệ Ôn"
"ex:monk/thanh_vien_phat_nhan","Lang Sơn Tuệ Ôn"
"ex:monk/linh_kieu","Linh Kiệu"
"ex:monk/linh_nham_trong_xac","Linh Nham Trọng Xác"
"ex:monk/linh_son_ban_ngon","Linh Sơn Bản Ngôn"
"ex:monk/linh_son_ngan_van","Linh Sơn Ngạn Văn"
"ex:monk/linh_thuu_tue_giac","Linh Thứu Tuệ Giác"
"ex:monk/linh_thuu_tong_anh","Linh Thứu Tông Ánh"
"ex:monk/linh_van_chi_can","Linh Vân Chí Cần"
"ex:monk/linh_an_chi_thien","Linh Ẩn Chi Thiện"
"ex:monk/linh_an_sung_nhac","Linh Ẩn Sùng Nhạc"
"ex:monk/linh_an_tue_vien","Linh Ẩn Tuệ Viễn"
"ex:monk/linh_an_to_ngan","Linh Ẩn Tổ Ngân"
"ex:monk/linh_an_duc_chuong","Linh Ẩn Ðức Chương"
"ex:monk/liem_tuyen_dam_tu","Liêm Tuyền Ðàm Tú"
"ex:monk/lieu_dieu_chanh_quang","Liễu Diệu Chánh Quang"
"ex:monk/lieu_kien_tu_hoa","Liễu Kiến Từ Hòa"
"ex:monk/lieu_nang_uc_chat","Liễu Năng Ðức Chất"
"ex:monk/lieu_thong_hue_giam","Liễu Thông Huệ Giám"
"ex:monk/lieu_triet_tu_minh","Liễu Triệt Từ Minh"
"ex:monk/lieu_tri_hue_nhut","Liễu Trí Huệ Nhựt"
"ex:monk/lieu_dao_chi_tan","Liễu Đạo Chí Tân"
"ex:monk/lieu_duc_hue_giao","Liễu Đức Huệ Giáo"
"ex:monk/long_an_nhu_hai","Long An Như Hải"
"ex:monk/long_hoa_ban","Long Hoa Bản"
"ex:monk/truong_linh_thu_trac","Long Hoa Bản"
"ex:monk/bach_van_thu_doan","Long Hoa Cao"
"ex:monk/long_hoa_cao","Long Hoa Cao"
"ex:monk/cuu_danh_to","Long Hoa Ðạo Sơ"
"ex:monk/long_hoa_dao_so","Long Hoa Ðạo Sơ"
"ex:monk/long_hung_su_dinh","Long Hưng Sư Ðịnh"
"ex:monk/an_hoa_van_nhat","Long Khánh Khánh Nhàn"
"ex:monk/long_khanh_khanh_nhan","Long Khánh Khánh Nhàn"
"ex:monk/long_mon_chieu","Long Môn Chiếu"
"ex:monk/long_nha_tri_tai","Long Nha Trí Tài"
"ex:monk/long_nha_tong_mat","Long Nha Tông Mật"
"ex:monk/thien_dong_pho_giao","Long Nha Tông Mật"
"ex:monk/long_nha_vien_suong","Long Nha Viên Sướng"
"ex:monk/long_tuyen_quy","Long Tuyền Quỳ"
"ex:monk/long_tuong_hy_lien","Long Tường Hy Liên"
"ex:monk/long_tuong_nam_nha","Long Tường Nam Nhã"
"ex:monk/long_tuong_si_khue","Long Tường Sĩ Khuê"
"ex:monk/long_vuong_thien_tuy","Long Vương Thiện Tùy"
"ex:monk/long_dam_sung_tin","Long Đàm Sùng Tín"
"ex:monk/long_dam_tri_vien","Long Đàm Trí Viên"
"ex:monk/ly_thon_tu_man","Ly Thôn Tự Mãn"
"ex:monk/lam_te_nghia_huyen","Lâm Tế Nghĩa Huyền"
"ex:monk/lang_chau_co_de","Lãng Châu Cổ Đề"
"ex:monk/lang_chau_hoai_chinh","Lãng Châu Hoài Chính"
"ex:monk/lao_na_tu_dang_dai_hoang","Lão Na Từ Đăng Đại Hoằng"
"ex:monk/lo_son_phap_chan","Lô Sơn Pháp Chân"
"ex:monk/ly_tuan_uc","Lý Tuân Úc"
"ex:monk/lung_chau_quoc_thanh_phung","Lũng Châu Quốc Thanh Phụng"
"ex:monk/lung_nhung_tri_vien","Lũng Nhung Trí Viên"
"ex:monk/lu_chau_dai_giac","Lư Châu Đại Giác"
"ex:monk/luu_thiet_ma","Lưu Thiết Ma"
"ex:monk/luong_son_hoai","Lương Sơn Hoài"
"ex:monk/luong_son_su_vien","Lương Sơn Sư Viễn"
"ex:monk/lac_kinh_hac_gian","Lạc Kinh Hắc Giản"
"ex:monk/lac_dam_buu_long","Lặc Đàm Bửu Long"
"ex:monk/lac_dam_canh_tuong","Lặc Đàm Cảnh Tường"
"ex:monk/lac_dam_duy_kien","Lặc Đàm Duy Kiến"
"ex:monk/lac_dam_hong_anh","Lặc Đàm Hồng Anh"
"ex:monk/lac_dam_khac_van","Lặc Đàm Khắc Văn"
"ex:monk/lac_dam_phap_hoi","Lặc Đàm Pháp Hội"
"ex:monk/lac_dam_thien_thanh","Lặc Đàm Thiện Thanh"
"ex:monk/lac_dam_thuong_hung","Lặc Đàm Thường Hưng"
"ex:monk/lac_dam_trach_minh","Lặc Đàm Trạch Minh"
"ex:monk/lac_dam_van_chuan","Lặc Đàm Văn Chuẩn"
"ex:monk/lac_dam_ung_can","Lặc Đàm Ứng Càn"
"ex:monk/lo_to_bao_van","Lỗ Tổ Bảo Vân"
"ex:monk/loc_mon_tue_chieu","Lộc Môn Tuệ Chiêu"
"ex:monk/loc_thanh","Lộc Thanh"
"ex:monk/loi_son","Lợi Sơn"
"ex:monk/ma_coc_bao_triet","Ma Cốc Bảo Triệt"
"ex:monk/ma_ha_ca_diep","Ma Ha Ca Diếp"
"ex:monk/minh_chau_quan_tong","Minh Châu Quán Tông"
"ex:monk/minh_giac_ky_phuong","Minh Giác Kỳ Phương"
"ex:monk/minh_hanh_tai_tai","Minh Hành Tại Tại"
"ex:monk/minh_hai_phap_bao","Minh Hải Pháp Bảo"
"ex:monk/minh_hang_dinh_nhien","Minh Hằng Định Nhiên"
"ex:monk/minh_khiem_hoang_an","Minh Khiêm Hoằng Ân"
"ex:monk/minh_khue_dao_hanh","Minh Khê Đạo Hạnh"
"ex:monk/minh_ly_quang_an","Minh Lý Quảng An"
"ex:monk/minh_nhan_dam_ngoan","Minh Nhân Ðàm Ngoạn"
"ex:monk/minh_phuong_chon_huong","Minh Phương Chơn Hương"
"ex:monk/minh_phung","Minh Phụng"
"ex:monk/minh_vi_mat_hanh","Minh Vi Mật Hạnh"
"ex:monk/minh_vat_nhut_tri","Minh Vật Nhứt Tri"
"ex:monk/ma_to_dao_nhat","Mã Tổ Đạo Nhất"
"ex:monk/ma_dau_than_tang","Mã Đầu Thần Tạng"
"ex:monk/mong_khe","Mông Khê"
"ex:monk/mong_son_hue_minh","Mông Sơn Huệ Minh"
"ex:monk/mat_son_lieu_nhien","Mạt Sơn Liễu Nhiên"
"ex:monk/mat_dien_de_ca","Mạt Điền Để Ca"
"ex:monk/mat_am_han_kiet","Mật Am Hàn Kiệt"
"ex:monk/mat_van_vien_ngo","Mật Vân Viên Ngộ"
"ex:monk/me_lanh","Mễ Lãnh"
"ex:monk/me_thuong","Mễ Thương"
"ex:monk/moc_tran_tung_lang","Mộc Trần Tùng Lãng"
"ex:monk/muc_chau_tran_thao","Mục Châu Trần Thao"
"ex:monk/muc_chau_dao_minh","Mục Châu Đạo Minh"
"ex:monk/nam_duong_hue_trung","Nam Dương Huệ Trung"
"ex:monk/nam_hoa_tri_binh","Nam Hoa Tri Bính"
"ex:monk/nam_minh_dao_quang","Nam Minh Đạo Quảng"
"ex:monk/nam_nguyen_dao_minh","Nam Nguyên Đạo Minh"
"ex:monk/nam_nham_thang","Nam Nham Thắng"
"ex:monk/nam_nhac_hoai_nhuong","Nam Nhạc Hoài Nhượng"
"ex:monk/loc_thanh","Nam Nhạc Huyền Thái"
"ex:monk/nam_nhac_minh_toan","Nam Nhạc Minh Toản"
"ex:monk/nam_phong_vinh_trinh","Nam Phong Vĩnh Trình"
"ex:monk/nam_thien_vo_nhiem","Nam Thiền Vô Nhiễm"
"ex:monk/nam_thap_quang_dung","Nam Tháp Quang Dũng"
"ex:monk/nam_tuyen_pho_nguyen","Nam Tuyền Phổ Nguyện"
"ex:monk/nam_vien_hue_ngung","Nam Viện Huệ Ngung"
"ex:monk/nam_dai_duan_cung","Nam Đài Duẫn Cung"
"ex:monk/nam_dang_phap_khong","Nam Đãng Pháp Không"
"ex:monk/nga_ho_dai_nghia","Nga Hồ Đại Nghĩa"
"ex:monk/nguyen_le","Nguyên Lễ"
"ex:monk/nguyen_thieu_sieu_bach","Nguyên Thiều Siêu Bạch"
"ex:monk/nguyen_thieu_tho_tong","Nguyên Thiều Thọ Tông"
"ex:monk/nguyet_chau_than_giam","Nguyệt Châu Thần Giám"
"ex:monk/nguyet_chuong_tri_uyen","Nguyệt Chưởng Trí Uyên"
"ex:monk/tho_thanh_so_van","Nguyệt Chưởng Trí Uyên"
"ex:monk/bach_van_khong_do","Nguyệt Khê Diệu Trừng"
"ex:monk/nguyet_khe_dieu_trung","Nguyệt Khê Diệu Trừng"
"ex:monk/nguyet_danh_dao_luan","Nguyệt Đảnh Ðạo Luân"
"ex:monk/ngu_phong_thuong_quan","Ngũ Phong Thường Quán"
"ex:monk/ngo_hung_phap_hai","Ngô Hưng Pháp Hải"
"ex:monk/ngo_tuan","Ngô Tuân"
"ex:monk/ngu_due_linh_mac","Ngũ Duệ Linh Mặc"
"ex:monk/ngu_phong_ban","Ngũ Phong Bản"
"ex:monk/ngu_to_bieu_tu","Ngũ Tổ Biểu Tự"
"ex:monk/ngu_to_hieu_thuong","Ngũ Tổ Hiểu Thường"
"ex:monk/ngu_to_phap_dien","Ngũ Tổ Pháp Diễn"
"ex:monk/ngu_dai_cu_phuong","Ngũ Đài Cự Phương"
"ex:monk/ngu_dai_tri_thong","Ngũ Đài Trí Thông"
"ex:monk/ngu_dai_an_phong","Ngũ Đài Ẩn Phong"
"ex:monk/thach_cung_hue_tang","Ngũ Đài Ẩn Phong"
"ex:monk/nguu_dau_hue_phuong","Ngưu Đầu Huệ Phương"
"ex:monk/nguu_dau_hue_trung","Ngưu Đầu Huệ Trung"
"ex:monk/nguu_dau_phap_dung","Ngưu Đầu Pháp Dung"
"ex:monk/nguu_dau_tri_nham","Ngưu Đầu Trí Nham"
"ex:monk/nguu_dau_tri_oai","Ngưu Đầu Trí Oai"
"ex:monk/nguong_son_hue_tich","Ngưỡng Sơn Huệ Tịch"
"ex:monk/nguong_son_hanh_vy","Ngưỡng Sơn Hạnh Vỹ"
"ex:monk/nguong_son_huu_an","Ngưỡng Sơn Hữu Ân"
"ex:monk/nguong_son_thanh_gian","Ngưỡng Sơn Thanh Giản"
"ex:monk/nguong_son_dong_thap","Ngưỡng Sơn Đông Tháp"
"ex:monk/ngac_chau_phu_dung","Ngạc Châu Phù Dung"
"ex:monk/ngac_chau_vo_dang","Ngạc Châu Vô Đẳng"
"ex:monk/ngoc_tuyen_ngo_khong","Ngọc Tuyền Ngộ Không"
"ex:monk/ngoc_tuyen_thien_sieu","Ngọc Tuyền Thiên Siêu"
"ex:monk/ngoc_tuyen_than_tu","Ngọc Tuyền Thần Tú"
"ex:monk/ngoc_tuyen_tong_lien","Ngọc Tuyền Tông Liên"
"ex:monk/ngoc_tuyen_vi_phuong","Ngọc Tuyền Vị Phương"
"ex:monk/ngo_thieu_minh_ly","Ngộ Thiệu Minh Lý"
"ex:monk/ngo_tu_tam_khong","Ngộ Tu Tâm Không"
"ex:monk/ngo_tanh_phuoc_hue","Ngộ Tánh Phước Huệ"
"ex:monk/nham_dau_toan_khoat","Nham Đầu Toàn Khoát"
"ex:monk/nhuan_vuong_xu_binh","Nhuận Vương Xứ Bình"
"ex:monk/nhan_tho_tu_tran","Nhân Thọ Từ Trân"
"ex:monk/nhu_an_huyen_quang","Như An Huyền Quang"
"ex:monk/nhu_binh_huyen_tinh","Như Bình Huyền Tịnh"
"ex:monk/nhu_buu_dat_thanh","Như Bửu Đạt Thanh"
"ex:monk/nhu_chanh_huyen_tan","Như Chánh Huyền Tấn"
"ex:monk/nhu_giac_giac_ngo","Như Giác Giác Ngộ"
"ex:monk/nhu_hien_chi_thien","Như Hiền Chí Thiền"
"ex:monk/nhu_hue_thien_tam","Như Huệ Thiền Tâm"
"ex:monk/nhu_hue_tri_thong","Như Huệ Trí Thông"
"ex:monk/nhu_hoa_tam_an","Như Hòa Tâm Ấn"
"ex:monk/nhu_huong_huyen_tam","Như Hương Huyền Tâm"
"ex:monk/nhu_huong_hoa_phuoc","Như Hương Hòa Phước"
"ex:monk/nhu_huong_tho_minh","Như Hường Thọ Minh"
"ex:monk/nhu_hanh_huyen_tham","Như Hạnh Huyền Thâm"
"ex:monk/nhu_khuon_giac_son","Như Khuôn Giác Sơn"
"ex:monk/nhu_ke_huyen_ton","Như Kế Huyền Tôn"
"ex:monk/nhu_ke_huyen_vi","Như Kế Huyền Vi"
"ex:monk/nhu_ke_huyen_duc","Như Kế Huyền Đức"
"ex:monk/nhu_lap_giai_thanh","Như Lập Giải Thành"
"ex:monk/nhu_le_huyen_dung","Như Lễ Huyền Dung"
"ex:monk/nhu_le_tin_tri","Như Lễ Tín Trí"
"ex:monk/nhu_minh","Như Minh"
"ex:monk/nhu_man_hoan_phu","Như Mẫn Hoàn Phú"
"ex:monk/nhu_nghia_tin_truyen","Như Nghĩa Tín Truyền"
"ex:monk/nhu_nghia_tan_hanh","Như Nghĩa Tấn Hạnh"
"ex:monk/nhu_nhan_tri_giac","Như Nhàn Trí Giác"
"ex:monk/nhu_niem_bao_toan","Như Niệm Bảo Toàn"
"ex:monk/nhu_phuoc_huyen_y","Như Phước Huyền Ý"
"ex:monk/nhu_pham_huyen_hoa","Như Phẩm Huyền Hoa"
"ex:monk/nhu_phuc_giai_dieu","Như Phục Giải Điều"
"ex:monk/nhu_phung_thien_tri","Như Phụng Thiện Trì"
"ex:monk/nhu_quang_hoang_phuc","Như Quang Hoằng Phúc"
"ex:monk/nhu_quang_tri_minh","Như Quang Trí Minh"
"ex:monk/nhu_quyen_giai_dat","Như Quyền Giải Đạt"
"ex:monk/nhu_quy_phap_an","Như Quý Pháp Ấn"
"ex:monk/nhu_qua_hoan_tuyen","Như Quả Hoàn Tuyên"
"ex:monk/nhu_sum_giac_tri","Như Sum Giác Trí"
"ex:monk/nhu_thien_huyen_an","Như Thiền Huyền An"
"ex:monk/nhu_thien_hoan_quan","Như Thiện Hoàn Quan"
"ex:monk/nhu_thuan_tin_tan","Như Thuận Tín Tấn"
"ex:monk/nhu_tham_giai_nguyen","Như Thâm Giải Nguyện"
"ex:monk/nhu_thong_huyen_ngo","Như Thông Huyền Ngộ"
"ex:monk/nhu_thong_huyen_an","Như Thông Huyền Ấn"
"ex:monk/nhu_thong_ton_nguyen","Như Thông Tôn Nguyên"
"ex:monk/nhu_thu_giai_hoc","Như Thư Giải Học"
"ex:monk/nhu_tho_huyen_tan","Như Thọ Huyền Tân"
"ex:monk/nhu_thua_hoang_nguyen","Như Thừa Hoằng Nguyện"
"ex:monk/nhu_tien_quang_hung","Như Tiến Quảng Hưng"
"ex:monk/nhu_truyen_tri_nhan","Như Truyện Trí Nhãn"
"ex:monk/nhu_truc_vinh_chau","Như Trực Vĩnh Châu"
"ex:monk/nhu_van_tri_phuoc","Như Vạn Trí Phước"
"ex:monk/nhu_ai_hoang_tham","Như Ái Hoằng Thâm"
"ex:monk/nhu_ien_hue_chan","Như Ðiền Huệ Chấn"
"ex:monk/nhu_ien_tri_tam","Như Ðiển Trí Tâm"
"ex:monk/nhu_ang_tri_o","Như Ðăng Trí Ðộ"
"ex:monk/nhu_ac_thien_phuong","Như Ðắc Thiền Phương"
"ex:monk/nhu_dat_hoang_tham","Như Đạt Hoằng Thâm"
"ex:monk/nhu_dat_thien_cang","Như Đạt Thiện Cang"
"ex:monk/nhu_dac_tu_nhan","Như Đắc Từ Nhẫn"
"ex:monk/nhac_son_am_chu_to","Nhạc Sơn Am Chủ Tổ"
"ex:monk/nhat_dung","Nhật Dung"
"ex:monk/nhat_tu","Nhật Tử"
"ex:monk/nhu_chau_nam_vien","Nhữ Châu Nam Viện"
"ex:monk/nhut_binh_tri_tinh","Nhựt Bình Trí Tịnh"
"ex:monk/noi_hang_to_thuc","Nội Hàng Tô Thức"
"ex:monk/noi_hang_to_thuc","Nội hàng Tô Thức"
"ex:monk/phap_dien_bao_trang","Pháp Diễn Bảo Tràng"
"ex:monk/phap_thai_nhat_le","Pháp Thái Nhật Lệ"
"ex:monk/phong_huyet_dien_chieu","Phong Huyệt Diên Chiểu"
"ex:monk/pha_am_to_tien","Phá Am Tổ Tiên"
"ex:monk/phap_chuyen_dieu_nghiem","Pháp Chuyên Diệu Nghiêm"
"ex:monk/phap_chau","Pháp Châu"
"ex:monk/phap_hien","Pháp Hiền"
"ex:monk/phap_hoa_toan_cu","Pháp Hoa Toàn Cử"
"ex:monk/phap_kiem_minh_giac","Pháp Kiêm Minh Giác"
"ex:monk/phap_kinh_ngo_trung","Pháp Kính Ngô Trung"
"ex:monk/phap_luan_ngan_tu","Pháp Luân Ngạn Tư"
"ex:monk/phap_luan_te_thiem","Pháp Luân Tề Thiêm"
"ex:monk/phap_luan_van_duc","Pháp Luân Văn Dục"
"ex:monk/phap_luan_ung_doan","Pháp Luân Ứng Ðoan"
"ex:monk/phap_le","Pháp Lệ"
"ex:monk/phap_nhan_thien_truong","Pháp Nhân Thiên Trường"
"ex:monk/phap_nhu","Pháp Như"
"ex:monk/phap_so","Pháp Sơ"
"ex:monk/phap_than_dao_minh","Pháp Thân Đạo Minh"
"ex:monk/phap_thach_tue_khong","Pháp Thạch Tuệ Không"
"ex:monk/phap_tanh_an_tong","Pháp Tánh Ấn Tông"
"ex:monk/phap_tinh_vien_quang","Pháp Tịnh Viên Quang"
"ex:monk/phap_van_cao","Pháp Vân Cảo"
"ex:monk/phap_an_quang_do","Pháp Ấn Quảng Độ"
"ex:monk/phu_boi","Phù Bôi"
"ex:monk/phu_chan_chan_kien","Phù Chẩn Chân Kiên"
"ex:monk/phu_dung_linh_huan","Phù Dung Linh Huấn"
"ex:monk/phu_dung_thai_duc","Phù Dung Thái Dục"
"ex:monk/phu_son_phap_vien","Phù Sơn Pháp Viễn"
"ex:monk/phu_son_duc_tuyen","Phù Sơn Ðức Tuyên"
"ex:monk/phuc_chau_dai_an","Phúc Châu Đại An"
"ex:monk/phuc_tien_nhan_kiem","Phúc Tiên Nhân Kiệm"
"ex:monk/phuong_bien","Phương Biện"
"ex:monk/phuong_lai_xuong_vien","Phương Lai Xương Viễn"
"ex:monk/phuong_quang_huu_dat","Phương Quảng Hữu Ðạt"
"ex:monk/phuong_quang_tham","Phương Quảng Thâm"
"ex:monk/phuong_son_tue_bao","Phương Sơn Tuệ Bảo"
"ex:monk/phuong_van_minh_thong","Phương Văn Minh Thông"
"ex:monk/phuoc_chau_pho_quang","Phước Châu Phổ Quang"
"ex:monk/phuoc_chau_song_phong","Phước Châu Song Phong"
"ex:monk/phuoc_khe","Phước Khê"
"ex:monk/phuoc_nghiem_bao_tong","Phước Nghiêm Bảo Tông"
"ex:monk/phuoc_nghiem_tu_cam","Phước Nghiêm Từ Cảm"
"ex:monk/phuoc_nghiem_van_dien","Phước Nghiêm Vân Diễn"
"ex:monk/phan_chau_thach_lau","Phần Châu Thạch Lâu"
"ex:monk/phan_chau_vo_nghiep","Phần Châu Vô Nghiệp"
"ex:monk/phan_duong_thien_chieu","Phần Dương Thiện Chiêu"
"ex:monk/phat_bao_phap_hoa","Phật Bảo Pháp Hóa"
"ex:monk/phat_chi_duc_hanh","Phật Chí Đức Hạnh"
"ex:monk/phat_quang_nhu_man","Phật Quang Như Mãn"
"ex:monk/phat_quat_duy_tac","Phật Quật Duy Tắc"
"ex:monk/phat_thien_hoa_nghiem","Phật Thiền Hoa Nghiêm"
"ex:monk/phat_tuyet_tuong_quang","Phật Tuyết Tường Quang"
"ex:monk/phat_tuong_duc_lien","Phật Tường Đức Liên"
"ex:monk/phat_tinh_tu_nghiem","Phật Tỉnh Từ Nghiêm"
"ex:monk/phat_y_linh_nhac","Phật Ý Linh Nhạc"
"ex:monk/pho_chieu_hieu_kham","Phổ Chiếu Hiểu Khâm"
"ex:monk/pho_hien_nguyen_to","Phổ Hiền Nguyên Tố"
"ex:monk/pho_minh_duc_dung","Phổ Minh Đức Dụng"
"ex:monk/phuc_nguu_tu_tai","Phục Ngưu Tự Tại"
"ex:monk/phung_the_tue_quan","Phụng Thê Tuệ Quán"
"ex:monk/dam_chau_dai_xuyen","Phụng Tường Phật Đà"
"ex:monk/phung_tuong_phat_da","Phụng Tường Phật Đà"
"ex:monk/quang_hieu_duy_sang","Quang Hiếu Duy Sảng"
"ex:monk/quang_hieu_ngo_so","Quang Hiếu Ngộ Sơ"
"ex:monk/quang_hieu_pho_an","Quang Hiếu Phổ Ấn"
"ex:monk/quang_hieu_qua_man","Quang Hiếu Quả Mẫn"
"ex:monk/quang_hieu_tue_lan","Quang Hiếu Tuệ Lan"
"ex:monk/quang_hieu_dam","Quang Hiếu Ðàm"
"ex:monk/quang_hieu_duc_chu","Quang Hiếu Ðức Chu"
"ex:monk/quang_nam_dao_ngo","Quang Nam Đạo Ngô"
"ex:monk/quang_nam_dao_thuong","Quang Nam Đạo Thường"
"ex:monk/quang_quoc_van_tan","Quang Quốc Văn Tán"
"ex:monk/quang_van_dieu_tri","Quang Vân Diệu Trí"
"ex:monk/quy_duong_vo_lieu","Quy Dương Vô Liễu"
"ex:monk/quy_phong_tu_quynh","Quy Phong Tử Quỳnh"
"ex:monk/quy_son_hieu_tan","Quy Sơn Hiểu Tân"
"ex:monk/quy_son_linh_huu","Quy Sơn Linh Hựu"
"ex:monk/quy_son_tri_chan","Quy Sơn Trí Chân"
"ex:monk/quy_tong_chanh_hien","Quy Tông Chánh Hiền"
"ex:monk/quy_tong_tri_thuong","Quy Tông Trí Thường"
"ex:monk/quan_khe_chi_nhan","Quán Khê Chí Nhàn"
"ex:monk/quan_son_giac","Quân Sơn Giác"
"ex:monk/quan_son_pho_tinh","Quân Sơn Phổ Tịnh"
"ex:monk/qua_lang_tuyen_thap","Quả Lãng Tuyên Thập"
"ex:monk/quang_chau_chi_dao","Quảng Châu Chí Đạo"
"ex:monk/quang_nguyet_duc_bao","Quảng Nguyệt Đức Bảo"
"ex:monk/quang_phap_nguyen","Quảng Pháp Nguyên"
"ex:monk/quang_tue_nguyen_lien","Quảng Tuệ Nguyên Liên"
"ex:monk/quang_tue_duc_tuyen","Quảng Tuệ Ðức Tuyên"
"ex:monk/quang_tue_dat_cao","Quảng Tuệ Đạt Cảo"
"ex:monk/than_nhien","Quốc Sư Cao Ly Thản Nhiên"
"ex:monk/tung_nhac_hue_an","Quốc Sư Tung Nhạc Huệ An"
"ex:monk/quoc_thanh_hanh_co","Quốc Thanh Hạnh Cơ"
"ex:monk/sa_di_ni_an_than_to_niem","Sa Di Ni Ấn Thận Tổ Niệm"
"ex:monk/sieu_hoa_tinh","Siêu Hóa Tỉnh"
"ex:monk/sieu_ngan","Siêu Ngạn"
"ex:monk/song_khe_duan_quang","Song Khê Duẫn Quang"
"ex:monk/song_khe_an","Song Khê Ấn"
"ex:monk/song_long_bang","Song Lâm Bằng"
"ex:monk/song_lam_duc_dung","Song Lâm Đức Dụng"
"ex:monk/song_lanh_hoa","Song Lãnh Hóa"
"ex:monk/song_linh_huyen_chan","Song Lĩnh Huyền Chân"
"ex:monk/song_phong_canh_te","Song Phong Cảnh Tề"
"ex:monk/song_phong_co","Song Phong Cổ"
"ex:monk/song_phong_tinh_hoi","Song Phong Tỉnh Hồi"
"ex:monk/sung_phuoc_dien_giao","Sùng Phước Diễn Giáo"
"ex:monk/sung_thang_ky","Sùng Thắng Kỳ"
"ex:monk/so_son_lieu_thuong","Sơ Sơn Liễu Thường"
"ex:monk/so_son_nhu_ban","Sơ Sơn Như Bản"
"ex:monk/so_son_quang_nhan","Sơ Sơn Quang Nhân"
"ex:monk/khai_thanh_bao_tinh","Sơn Chủ Khai Thánh Bảo Tình"
"ex:monk/loc_mon_tue_chieu","Sơn Chủ Lộc Môn Tuệ Chiêu"
"ex:monk/son_chu_dong_lam_uc","Sơn Chủ Ðông Lâm Úc"
"ex:monk/so_an_hue_phuong","Sở An Huệ Phương"
"ex:monk/tkn_hue_huong_chon_chat","TKN Huệ Hương Chơn Chất"
"ex:monk/dao_xuoc","TS Đạo_Xước"
"ex:monk/tt_thich_hanh_tuan","TT Thích Hạnh Tuấn"
"ex:monk/tt_thich_minh_dung","TT Thích Minh Dung"
"ex:monk/tt_thich_ong_trung","TT Thích Ðồng Trung"
"ex:monk/tt_thich_dong_chon","TT Thích Đồng Chơn"
"ex:monk/tt_ong_vien_vien_uc","TT Ðồng Viên Viên Ðức"
"ex:monk/tam_binh_nghia_trung","Tam Bình Nghĩa Trung"
"ex:monk/tam_giao_tri_tung","Tam Giao Trí Tung"
"ex:monk/tam_giac_linh_khue","Tam Giác Linh Khuê"
"ex:monk/tam_giac_tri_nghieu","Tam Giác Trí Nghiêu"
"ex:monk/tam_giac_tue_trach","Tam Giác Tuệ Trạch"
"ex:monk/tam_phong_an","Tam Phong Ấn"
"ex:monk/tam_thanh_hue_nhien","Tam Thánh Huệ Nhiên"
"ex:monk/tam_thanh_ke_xuong","Tam Thánh Kế Xương"
"ex:monk/tam_tang_na_de","Tam Tạng Na Đề"
"ex:monk/tam_to_phap_tong","Tam Tổ Pháp Tông"
"ex:monk/thai_chau_thang_quang","Thai Châu Thắng Quang"
"ex:monk/thanh_binh_linh_tuan","Thanh Bình Linh Tuân"
"ex:monk/thanh_binh_so_kim","Thanh Bình Sở Kim"
"ex:monk/thanh_hoa_toan_pho","Thanh Hóa Toàn Phó"
"ex:monk/thanh_luong_duc_hong","Thanh Lương Ðức Hồng"
"ex:monk/thanh_nguyen_duy_tin","Thanh Nguyên Duy Tín"
"ex:monk/thanh_nguyen_hanh_tu","Thanh Nguyên Hành Tư"
"ex:monk/bao_an_thanh","Thanh Nguyên Như"
"ex:monk/thanh_nguyen_nhu","Thanh Nguyên Như"
"ex:monk/thanh_tu","Thanh Từ"
"ex:monk/thanh_vien_phat_nhan","Thanh Viễn Phật Nhãn"
"ex:monk/thanh_an_duy_thuc","Thanh Ẩn Duy Thục"
"ex:monk/thanh_an_thanh_nguyen","Thanh Ẩn Thanh Nguyên"
"ex:monk/thao_xao_thong_thanh","Thao Xảo Thông Thánh"
"ex:monk/thien_hoang_dao_ngo","Thiên Hoàng Đạo Ngô"
"ex:monk/thien_hoang_dao_ngo","Thiên Hoàng Đạo Ngộ"
"ex:monk/thien_muc_duy_tac","Thiên Mục Duy Tắc"
"ex:monk/thien_nham_nguyen_truong","Thiên Nham Nguyên Trường"
"ex:monk/thien_ninh_pham_tu","Thiên Ninh Phạm Tư"
"ex:monk/thien_phong_giac","Thiên Phong Giác"
"ex:monk/thien_thai_pho_ngan","Thiên Thai Phổ Ngạn"
"ex:monk/thien_dai_van_cu_tri","Thiên Thai Vân Cư Trí"
"ex:monk/thien_thanh_hao_thai","Thiên Thánh Hạo Thái"
"ex:monk/thien_tru_sung_hue","Thiên Trụ Sùng Huệ"
"ex:monk/thien_tue_bao_chuong","Thiên Tuế Bảo Chưởng"
"ex:monk/thien_vuong_chi","Thiên Vương Chí"
"ex:monk/thien_vuong_dao_ngo","Thiên Vương Đạo Ngộ"
"ex:monk/thien_dong_lieu_phac","Thiên Đồng Liễu Phác"
"ex:monk/thien_dong_pho_giao","Thiên Đồng Phổ Giao"
"ex:monk/thien_dong_thanh_toai","Thiên Đồng Thanh Toại"
"ex:monk/thien_dong_tinh_toan","Thiên Đồng Tịnh Toàn"
"ex:monk/thien_dong_dam_hoa","Thiên Đồng Đàm Hoa"
"ex:monk/thiet_tho_chanh_khoa","Thiệt Thọ Chánh Khóa"
"ex:monk/thiet_thuan_hue_truong","Thiệt Thuận Huệ Trương"
"ex:monk/thiet_dam_chanh_luan","Thiệt Đàm Chánh Luân"
"ex:monk/thiet_phat_tri_trung","Thiết Phật Trí Trung"
"ex:monk/thieu_chau_khong_nguyen","Thiều Châu Khổng Nguyên"
"ex:monk/thieu_chau_phap_hai","Thiều Châu Pháp Hải"
"ex:monk/thien_khanh_thu_long","Thiện Khánh Thủ Long"
"ex:monk/thien_phuc","Thiện Phục"
"ex:monk/thien_tu_thuong_khai","Thiện Từ Thường Khai"
"ex:monk/thien_dao","Thiện Đạo"
"ex:monk/thiep_chau_mau_nguyen","Thiệp Châu Mậu Nguyên"
"ex:monk/thiet_bao_cam_ung","Thiệt Bảo Cảm Ứng"
"ex:monk/thiet_dinh_an_triem","Thiệt Dinh Ân Triêm"
"ex:monk/thiet_dieu_chanh_hien","Thiệt Diệu Chánh Hiền"
"ex:monk/thiet_hoi_vien_quang","Thiệt Hội Viên Quang"
"ex:monk/thiet_kien_lieu_triet","Thiệt Kiến Liễu Triệt"
"ex:monk/thiet_lam_chi_kien","Thiệt Lãm Chí Kiên"
"ex:monk/thiet_luong","Thiệt Lương"
"ex:monk/thiet_thoai_tanh_tuong","Thiệt Thoại Tánh Tường"
"ex:monk/thiet_thanh_lieu_dat","Thiệt Thành Liễu Đạt"
"ex:monk/thiet_the_triem_an","Thiệt Thể Triêm Ân"
"ex:monk/thiet_tanh_tri_hai","Thiệt Tánh Trí Hải"
"ex:monk/thiet_tam_thien_truc","Thiệt Tâm Thiện Trực"
"ex:monk/thiet_luong","Thiệt Uyên Chí Bảo"
"ex:monk/thiet_uyen_chi_bao","Thiệt Uyên Chí Bảo"
"ex:monk/thiet_uy_khanh_van","Thiệt Úy Khánh Vân"
"ex:monk/thiet_dam_chanh_luan","Thiệt Đàm Chánh Luân"
"ex:monk/thiet_dang_bao_quang","Thiệt Đăng Bảo Quang"
"ex:monk/thiet_dia_phap_an","Thiệt Địa Pháp Ấn"
"ex:monk/thuan_kiet_tanh_khue","Thuần Kiệt Tánh Khuê"
"ex:monk/thanh_chi_minh_dung","Thành Chí Minh Dung"
"ex:monk/thanh_ngo_nghiem_am","Thành Ngộ Nghiêm Am"
"ex:monk/thanh_nhac_an_son","Thành Nhạc Ẩn Sơn"
"ex:monk/pham_huyen_quan","Thành Đô Phạm Huyện Quân"
"ex:monk/thanh_do_the_ky","Thành Đô Thế Kỳ"
"ex:monk/thanh_dang_minh_luong","Thành Đẳng Minh Lượng"
"ex:monk/thai_binh_an","Thái Bình An"
"ex:monk/thai_binh_hue_can_phat_giam","Thái Bình Huệ Cần Phật Giám"
"ex:monk/thai_son_tri_kien","Thái Sơn Trí Kiên"
"ex:monk/thai_tu_dao_nhat","Thái Tử Ðạo Nhất"
"ex:monk/thai_tu_dong_quang","Thái Tử Ðạo Nhất"
"ex:monk/thai_tu_dong_quang","Thái Tử Đồng Quảng"
"ex:monk/thanh_thien_hoang_chinh","Thánh Thiện Hoằng Chính"
"ex:monk/the_thang_ke_sieu","Thê Thắng Kế Siêu"
"ex:monk/thich_ca_mau_ni_phat","Thích Ca Mâu Ni Phật"
"ex:monk/chuong_binh","Thích Chương Bình"
"ex:monk/thich_nu_chuc_tam","Thích Nữ Chúc Tâm"
"ex:monk/thich_ca_mau_ni_phat","Thích_Ca_Mâu_Ni_Phật"
"ex:monk/thuy_nham_kha_chan","Thúy Nham Khả Chân"
"ex:monk/thuy_vi_vo_hoc","Thúy Vi Vô Học"
"ex:monk/thuy_nham_kha_chan","Thúy nham Khả Chân"
"ex:monk/thu_ky_nam","Thư Ký Nam"
"ex:monk/thuong_chau_me_thuong","Thương Châu Mễ Thương"
"ex:monk/thuong_na_hoa_tu","Thương Na Hòa Tu"
"ex:monk/thuong_lam_thuan","Thượng Lam Thuận"
"ex:monk/co_son_to_tran","Thượng Phong Bản Tài"
"ex:monk/thuong_phong_ban_tai","Thượng Phong Bản Tài"
"ex:monk/thuong_phong_tue_hoa","Thượng Phong Tuệ Hòa"
"ex:monk/thuong_phong_tho_tu","Thượng Phong Tổ Tú"
"ex:monk/thuong_phuong_nhat_ich","Thượng Phương Nhật Ích"
"ex:monk/thach_co_dong_chau","Thạch Cổ Ðộng Châu"
"ex:monk/thach_cung_hue_tang","Thạch Củng Huệ Tạng"
"ex:monk/thach_cuu","Thạch Cữu"
"ex:monk/thach_lam","Thạch Lâm"
"ex:monk/thach_mon_nha","Thạch Môn Nhã"
"ex:monk/thach_mon_thu_tan","Thạch Môn Thủ Tấn"
"ex:monk/thach_suong_khanh_chu","Thạch Sương Khánh Chư"
"ex:monk/thach_suong_phap_vinh","Thạch Sương Pháp Vĩnh"
"ex:monk/thach_suong_so_vien","Thạch Sương Sở Viên"
"ex:monk/thach_suong_thu_ton","Thạch Sương Thủ Tôn"
"ex:monk/thach_suong_tanh_khong","Thạch Sương Tánh Không"
"ex:monk/thach_suong_tong_giam","Thạch Sương Tông Giám"
"ex:monk/thach_suong_dai_thien","Thạch Sương Đại Thiện"
"ex:monk/thach_that_thien_dao","Thạch Thất Thiện Đạo"
"ex:monk/thach_dinh_to_tuyen","Thạch Đình Tổ Tuyền"
"ex:monk/thach_dau_hy_thien","Thạch Đầu Hy Thiên"
"ex:monk/thach_dau_tu_hoi","Thạch Đầu Tự Hồi"
"ex:monk/thao_y_nham_khanh","Thảo Y Nham Khánh"
"ex:monk/than_danh_hong_nhan","Thần Đảnh Hồng Nhân"
"ex:monk/thang_nghiep_duy_huong","Thắng Nghiệp Duy Hưởng"
"ex:monk/thang_nhan_ham_tinh","Thắng Nhân Hàm Tỉnh"
"ex:monk/thi_an_dieu_tho","Thị An Diệu Thọ"
"ex:monk/thi_an_phuoc_binh","Thị An Phước Bình"
"ex:monk/thi_binh_dieu_khai","Thị Bình Diệu Khai"
"ex:monk/thi_ban_hanh_thien","Thị Bản Hạnh Thiện"
"ex:monk/thi_chi_dieu_qua","Thị Chi Diệu Quả"
"ex:monk/thi_chi_phuoc_ho","Thị Chí Phước Hộ"
"ex:monk/thi_canh_vien_minh","Thị Cảnh Viên Minh"
"ex:monk/thi_hue_bao_an","Thị Huệ Bảo An"
"ex:monk/thi_hon_nhon_tho","Thị Hớn Nhơn Thọ"
"ex:monk/thi_khai_ong_minh","Thị Khai Ðỗng Minh"
"ex:monk/thi_long","Thị Long"
"ex:monk/thi_lac_hung_tu","Thị Lạc Hưng Từ"
"ex:monk/thi_niem_phuoc_ninh","Thị Niệm Phước Ninh"
"ex:monk/thi_nang_tri_huu","Thị Năng Trí Hữu"
"ex:monk/thi_thanh_vo_vi","Thị Thanh Vô Vi"
"ex:monk/thi_thuy_quang_duc","Thị Thuỷ Quảng Đức"
"ex:monk/thi_thuong_bao_phuoc","Thị Thượng Bảo Phước"
"ex:monk/thi_tho_nhon_hien","Thị Thọ Nhơn Hiền"
"ex:monk/thi_trinh","Thị Trình"
"ex:monk/thi_tin_phuoc_tri","Thị Tín Phước Trí"
"ex:monk/tho_chau_thien_thieu_tong","Thọ Châu Thiệu Tông"
"ex:monk/tho_chau_tri_thong","Thọ Châu Trí Thông"
"ex:monk/tho_chau_dao_tho","Thọ Châu Đạo Thọ"
"ex:monk/tho_ninh_thien_tu","Thọ Ninh Thiện Tư"
"ex:monk/tho_ninh_dao_hoan","Thọ Ninh Ðạo Hoàn"
"ex:monk/tho_thanh_so_van","Thọ Thánh Sở Văn"
"ex:monk/thuy_long_vien_tue_cung","Thụy Long Viện Tuệ Cung"
"ex:monk/thuy_nham_quang_muc","Thụy Nham Quang Mục"
"ex:monk/thuy_nham_tri_tai","Thụy Nham Trí Tài"
"ex:monk/thu_son_hoai_chi","Thủ Sơn Hoài Chí"
"ex:monk/thu_son_tinh_niem","Thủ Sơn Tỉnh Niệm"
"ex:monk/thu_son_xu_khe","Thủ Sơn Xử Khuê"
"ex:monk/thu_dao_tuc_tien","Thủ Đạo Tục Tiên"
"ex:monk/thuy_khong","Thủy Không"
"ex:monk/thua_hy_ung_duyet","Thừa Hy Ứng Duyệt"
"ex:monk/thua_thien_tri_duc","Thừa Thiên Trí Dục"
"ex:monk/thua_thien_tue_lien","Thừa Thiên Tuệ Liên"
"ex:monk/thua_thien_tu_hien","Thừa Thiên Tự Hiền"
"ex:monk/vuong_tuy","Thừa Tướng Vương Tùy"
"ex:monk/tien_an_khanh_tuong","Tiên An Khánh Tường"
"ex:monk/tien_giac_hai_tinh","Tiên Giác Hải Tịnh"
"ex:monk/tien_hue_tinh_nhan","Tiên Huệ Tịnh Nhãn"
"ex:monk/tien_thien","Tiên Thiên"
"ex:monk/tien_thuong_vien_trung","Tiên Thường Viên Trừng"
"ex:monk/tieu_dao","Tiêu Dao"
"ex:monk/tien_phuc_dao_sinh","Tiến Phúc Đạo Sinh"
"ex:monk/tien_phuoc_trach_sung","Tiến Phước Trạch Sùng"
"ex:monk/tien_phuoc_dao_anh","Tiến Phước Ðạo Anh"
"ex:monk/tieu_ong_sieu_tram","Tiếu Ông Diệu Trạm"
"ex:monk/tiem_nguyen_trong_hung","Tiệm Nguyên Trọng Hưng"
"ex:monk/toan_dat_gia_hao","Toàn Đạt Gia Hào"
"ex:monk/toan_dai_hue_duc","Toàn Đài Huệ Đức"
"ex:monk/toan_dang_bao_nguyen","Toàn Đăng Bảo Nguyên"
"ex:monk/toan_chieu_bao_an","Toàn Chiếu Bảo Ấn"
"ex:monk/toan_hieu_gia_linh","Toàn Hiệu Gia Linh"
"ex:monk/toan_nghia_chon_thuong","Toàn Nghĩa Chơn Thường"
"ex:monk/toan_nham_quan_thong","Toàn Nhâm Quán Thông"
"ex:monk/toan_nhat_quang_dai","Toàn Nhật Quang Đài"
"ex:monk/toan_thien_duc_hoang","Toàn Thiện Đức Hoằng"
"ex:monk/toan_the_linh_nguyen","Toàn Thể Linh Nguyên"
"ex:monk/toan_dai_hue_duc","Toàn Trí Long Thọ"
"ex:monk/toan_tri_long_tho","Toàn Trí Long Thọ"
"ex:monk/toan_tanh_chanh_ac","Toàn Tánh Chánh Ðắc"
"ex:monk/toan_tin_uc_thanh","Toàn Tín Ðức Thành"
"ex:monk/toan_ao_vien_am","Toàn Ðạo Viên Ðàm"
"ex:monk/toan_dinh_bao_tang","Toàn Ðịnh Bảo Tạng"
"ex:monk/toan_inh_bao_tang","Toàn Ðịnh Bảo Tạng"
"ex:monk/toan_uc_thieu_long","Toàn Ðức Thiệu Long"
"ex:monk/toan_y_pho_hue","Toàn Ý Phổ Huệ"
"ex:monk/toan_dinh_pho_dat","Toàn Đĩnh Phổ Đạt"
"ex:monk/toan_dao_mat_hanh","Toàn Đạo Mật Hạnh"
"ex:monk/toan_duc_hoang_tong","Toàn Đức Hoằng Tông"
"ex:monk/trieu_chau_dai_dien","Triều Châu Đại Điên"
"ex:monk/trieu_chau_tung_tham","Triệu Châu Tùng Thẩm"
"ex:monk/trung_phong_minh_bon","Trung Phong Minh Bổn"
"ex:monk/trung_te_thien_nang","Trung Tế Thiện Năng"
"ex:monk/trung_dieu_tri_phong","Trung Điều Trí Phong"
"ex:monk/trung_ap_hong_an","Trung Ấp Hồng Ân"
"ex:monk/truy_chau_thuy_luc","Truy Châu Thủy Lục"
"ex:monk/trac_chau_cap_y","Trác Châu Cấp Y"
"ex:monk/tri_chau_cam_chi","Trì Châu Cam Chí"
"ex:monk/tri_chau_linh_thuu_nhan","Trì Châu Linh Thứu Nhàn"
"ex:monk/tri_chau_lo_to_giao","Trì Châu Lỗ Tổ Giáo"
"ex:monk/tri_chau_lo_to_giao","Trì Châu Lỗ Tổ Giáo "
"ex:monk/tri_gia_chan_tu","Trí Giả Chân Từ"
"ex:monk/tri_hai_tri","Trí Hải Trí"
"ex:monk/tri_hai_dao_binh","Trí Hải Ðạo Bình"
"ex:monk/tri_mon_hoi_han","Trí Môn Hồi Hãn"
"ex:monk/tri_thuyen","Trí Thuyên"
"ex:monk/tru_nham_lieu_van","Trù Nham Liễu Vân"
"ex:monk/truc_vien_phap_hien","Trúc Viên Pháp Hiển"
"ex:monk/truong_khanh_tue_xiem","Trường Khánh Tuệ Xiêm"
"ex:monk/truong_khanh_dao_hy","Trường Khánh Đạo Hy"
"ex:monk/phap_luan_ung_doan","Trường Linh Thủ Trác"
"ex:monk/truong_linh_thu_trac","Trường Linh Thủ Trác"
"ex:monk/truong_sa_canh_sam","Trường Sa Cảnh Sầm"
"ex:monk/truong_vien","Trường Viễn"
"ex:monk/truong_tich_tu_ky","Trượng Tích Tu Kỷ"
"ex:monk/tran_chau_kim_nguu","Trấn Châu Kim Ngưu"
"ex:monk/tran_chau_pho_hoa","Trấn Châu Phổ Hóa"
"ex:monk/tran_chau_van_tue","Trấn Châu Vạn Tuế"
"ex:monk/tran_chau_dai_bi","Trấn Châu Đại Bi"
"ex:monk/trung_dan_bich_khong","Trừng Dàn Bích Không"
"ex:monk/trung_tam_man_duc","Trừng Tâm Mân Đức"
"ex:monk/tung_nhac_hue_an","Tung Nhạc Huệ An"
"ex:monk/tung_nhac_nguyen_khue","Tung Nhạc Nguyên Khuê"
"ex:monk/tung_nhac_pha_tao_doa","Tung Nhạc Phá Táo Đọa"
"ex:monk/tung_son_lac_kinh","Tung Sơn Lạc Kinh"
"ex:monk/tay_kinh_nghia_phuoc","Tung Sơn Phổ Tịch"
"ex:monk/tung_son_pho_tich","Tung Sơn Phổ Tịch"
"ex:monk/tuyen_chau_luc_hoan","Tuyên Châu Lục Hoàn"
"ex:monk/tuyen_minh_phat_an","Tuyên Minh Phật Ấn"
"ex:monk/tuyet_nham_to_kham","Tuyết Nham Tổ Khâm"
"ex:monk/tuyet_phong_nghia_ton","Tuyết Phong Nghĩa Tồn"
"ex:monk/tuyet_dau_phap_nha","Tuyết Đậu Pháp Nhã"
"ex:monk/tuyet_dau_thuong_thong","Tuyết Đậu Thương Thông"
"ex:monk/tuyet_dau_tri","Tuyết Đậu Trí"
"ex:monk/tuyen_chau_ngoa_quan","Tuyền Châu Ngõa Quan"
"ex:monk/bao_phuoc_ban_quyen","Tuệ An Tuệ Uyên"
"ex:monk/tue_an_tue_uyen","Tuệ An Tuệ Uyên"
"ex:monk/tue_hai_nghi","Tuệ Hải Nghi"
"ex:monk/tue_lam_hong_cuu","Tuệ Lâm Hồng Cứu"
"ex:monk/tue_lam_duc_ton","Tuệ Lâm Ðức Tốn"
"ex:monk/tue_luc_kha_xuong","Tuệ Lực Khả Xướng"
"ex:monk/tue_luc_tue_nam","Tuệ Lực Tuệ Nam"
"ex:monk/tue_luc_dong_nguyen","Tuệ Lực Ðộng Nguyên"
"ex:monk/tue_minh_van","Tuệ Minh Vân"
"ex:monk/tue_nhat_hung_dao","Tuệ Nhật Hưng Ðạo"
"ex:monk/tue_nhat_minh","Tuệ Nhật Minh"
"ex:monk/tue_nhat_van_nha","Tuệ Nhật Văn Nhã"
"ex:monk/tue_tinh_ty_tho","Tuệ Tĩnh Tỳ Thọ"
"ex:monk/tue_vien","Tuệ Viên"
"ex:monk/tao_khe_linh_thao","Tào Khê Linh Thao"
"ex:monk/tanh_khong_dieu_pho","Tánh Không Diệu Phổ"
"ex:monk/tam_tri_vien_giac","Tâm Trí Viên Giác"
"ex:monk/tam_ang_chon_nhu","Tâm Ðăng Chơn Như"
"ex:monk/tan_la_ca_tri","Tân La Ca Trí"
"ex:monk/tan_la_phap_lang","Tân La Pháp Lãng"
"ex:monk/tan_la_thuan_chi","Tân La Thuận Chi"
"ex:monk/tan_la_dai_chung","Tân La Đại Chứng"
"ex:monk/tay_du_tinh_doan","Tây Du Tịnh Đoan"
"ex:monk/tay_du_tinh_doan","Tây Dư Tịnh Đoan"
"ex:monk/tay_kinh_nghia_phuoc","Tây Kinh Nghĩa Phước"
"ex:monk/tay_lam_sung_ao","Tây Lâm Sùng Áo"
"ex:monk/tay_nham_tong_hoi","Tây Nham Tông Hồi"
"ex:monk/tay_thien_hy_tu","Tây Thiền Hy Tú"
"ex:monk/tay_thien_thu_tinh","Tây Thiền Thủ Tịnh"
"ex:monk/tay_thien_van_lien","Tây Thiền Văn Liên"
"ex:monk/tay_thien_danh_nhu","Tây Thiền Ðảnh Nhu"
"ex:monk/tay_thap_quang_muc","Tây Tháp Quang Mục"
"ex:monk/tay_thuc_loan","Tây Thục Loan"
"ex:monk/tay_viem_dam_tang","Tây Viên Đàm Tạng"
"ex:monk/tay_vien_tu_minh","Tây Viện Tư Minh"
"ex:monk/bien_dam_hieu_lieu","Tây Vực Quật Đa Tam Tạng"
"ex:monk/tay_vuc_quat_da_tam_tang","Tây Vực Quật Đa Tam Tạng"
"ex:monk/tay_duong_tri_tang","Tây Đường Trí Tạng"
"ex:monk/tin_chau_tri_thuong","Tín Châu Trí Thường"
"ex:monk/tin_tuong_gioi_tu","Tín Tướng Giới Tu"
"ex:monk/tin_tuong_tong_hien","Tín Tướng Tông Hiển"
"ex:monk/tong_son","Tòng Sơn"
"ex:monk/to_chau_tay_thien","Tô Châu Tây Thiền"
"ex:monk/a_nan","Tôn Giả A Nan"
"ex:monk/ba_tu_ban_dau","Tôn Giả Bà Tu Bàn Đầu"
"ex:monk/ba_tu_mat","Tôn Giả Bà Tu Mật"
"ex:monk/ba_xa_tu_da","Tôn Giả Bà Xá Tư Đa"
"ex:monk/bat_nha_da_la","Tôn Giả Bát Nhã Đa La"
"ex:monk/bat_nhu_mat_da","Tôn Giả Bất Như Mật Đa"
"ex:monk/bo_de_dat_ma","Tôn Giả Bồ Đề Đạt Ma"
"ex:monk/ca_na_de_ba","Tôn Giả Ca Na Đề Bà"
"ex:monk/ca_ty_ma_la","Tôn Giả Ca Tỳ Ma La"
"ex:monk/cuu_ma_la_da","Tôn Giả Cưu Ma La Đa"
"ex:monk/di_gia_ca","Tôn Giả Di Già Ca"
"ex:monk/da_da_xa_da","Tôn Giả Dà Da Xá Đa"
"ex:monk/hoang_mai_hoang_nhan","Tôn Giả Hoàng Mai Hoằng Nhẫn"
"ex:monk/hoang_mai_hoang_nhan","Tôn Giả Hoằng Nhẫn"
"ex:monk/hue_kha","Tôn Giả Huệ Khả"
"ex:monk/hac_lac_na","Tôn Giả Hạc Lặc Na"
"ex:monk/la_hau_la_da","Tôn Giả La Hầu La Da"
"ex:monk/ma_ha_ca_diep","Tôn Giả Ma Ha Ca Diếp"
"ex:monk/ma_noa_la","Tôn Giả Ma Noa La"
"ex:monk/mat_dien_de_ca","Tôn Giả Mạt Điền Để Ca"
"ex:monk/phu_na_da_xa","Tôn Giả Phú Na Dạ Xa"
"ex:monk/phat_da_mat_da","Tôn Giả Phật Đà Mật Đa"
"ex:monk/phat_da_nan_de","Tôn Giả Phật Đà Nan Đề"
"ex:monk/su_tu_ty_kheo","Tôn Giả Sư Tử Tỳ Kheo"
"ex:monk/thuong_na_hoa_tu","Tôn Giả Thương Na Hòa Tu"
"ex:monk/tang_gia_nan_de","Tôn Giả Tăng Già Nan Đề"
"ex:monk/tang_xan","Tôn Giả Tăng Xán"
"ex:monk/xa_da_da","Tôn Giả Xà Dạ Đa"
"ex:monk/dai_giam_hue_nang","Tôn Giả Đại Giám Huệ Năng"
"ex:monk/dao_tin","Tôn Giả Đạo Tín"
"ex:monk/de_da_ca","Tôn Giả Đề Đa Ca"
"ex:monk/uu_ba_cuc_da","Tôn Giả Ưu Ba Cúc Đa"
"ex:monk/tong_thien_ban_thuy","Tông Thiền Bản Thụy"
"ex:monk/tang_dien","Tăng Diễn"
"ex:monk/tang_na","Tăng Na"
"ex:monk/tu_chau_tri_san","Tư Châu Trí Sằn"
"ex:monk/tu_chau_xu_tich","Tư Châu Xử Tịch"
"ex:monk/tu_khong_bon_tinh","Tư Không Bổn Tịnh"
"ex:monk/tu_phuoc_nhu_bao","Tư Phước Như Bảo"
"ex:monk/tuong_chau_bang_uan","Tương Châu Bàng Uẩn"
"ex:monk/tuong_chau_cao_dinh_gian","Tương Châu Cao Đình Giản"
"ex:monk/tuong_chau_hue_man","Tương Châu Huệ Mãn"
"ex:monk/tuong_chau_lich_thon","Tương Châu Lịch Thôn"
"ex:monk/tuong_chau_phap_doan","Tương Châu Pháp Đoan"
"ex:monk/tuong_chau_vuong_kinh_so","Tương Châu Vương Kính Sơ"
"ex:monk/tuong_son_giac_hai","Tương Sơn Giác Hải"
"ex:monk/bui_huu","Tướng Quốc Bùi Hưu"
"ex:monk/tuong_thanh_quang_tung","Tường Thanh Quảng Tùng"
"ex:monk/tuong_dien_pham_khanh","Tượng Điền Phạm Khanh"
"ex:monk/tang_chu_pho_dung","Tạng Chủ Phổ Dung"
"ex:monk/tan_chau_hoac_son","Tấn Châu Hoắc Sơn"
"ex:monk/tac_xuyen","Tắc Xuyên"
"ex:monk/te_bon_vien_thuong","Tế Bổn Viên Thường"
"ex:monk/te_chanh_bon_giac","Tế Chánh Bổn Giác"
"ex:monk/te_lich_chanh_van","Tế Lịch Chánh Văn"
"ex:monk/te_triet_giac_nguyen","Tế Triệt Giác Nguyên"
"ex:monk/te_tri_huu_phi","Tế Trí Hữu Phỉ"
"ex:monk/te_tin_chanh_truc","Tế Tín Chánh Trực"
"ex:monk/te_dien_nhu_bon","Tế Điền Như Bổn"
"ex:monk/te_duong_chau_cap","Tế Đường Châu Cấp"
"ex:monk/te_phong","Tề Phong"
"ex:monk/tinh_chung_lieu_xan","Tịnh Chúng Liễu Xán"
"ex:monk/tinh_nhan_ke_thanh","Tịnh Nhân Kế Thành"
"ex:monk/tinh_nhan_dao_trang","Tịnh Nhân Ðạo Trăng"
"ex:monk/tinh_tu_cu_gian","Tịnh Từ Cư Giản"
"ex:monk/tinh_tu_ngan_sung","Tịnh Từ Ngạn Sung"
"ex:monk/dien_phuc_tue_thang","Tịnh Từ Sư Nhất"
"ex:monk/tinh_tu_van","Tịnh Từ Văn"
"ex:monk/tinh_tu_dam_mat","Tịnh Từ Ðàm Mật"
"ex:monk/tinh_do_thien_tu","Tịnh Độ Thiện Tư"
"ex:monk/to_nhan_thien_truong","Tổ Nhân Thiên Trường"
"ex:monk/to_tong_vien_quang","Tổ Tông Viên Quang"
"ex:monk/to_dat_tri_tam","Tổ Đạt Trí Tâm"
"ex:monk/to_duc_bao_tang","Tổ Đức Bảo Tạng"
"ex:monk/to_an_mat_hoang","Tổ Ấn Mật Hoằng"
"ex:monk/tu_chau_dung_nguyen","Tứ Châu Dụng Nguyên"
"ex:monk/tu_to_phap_dien","Tứ Tổ Pháp Diễn"
"ex:monk/tu_do_trong_tuyen","Tứ Độ Trọng Tuyên"
"ex:monk/tu_thi_thuy_tien","Từ Thị Thụy Tiên"
"ex:monk/tu_van_hai_tuan","Từ Vân Hải Tuấn"
"ex:monk/tu_van_ngan_long","Từ Vân Ngạn Long"
"ex:monk/tu_van_dao","Từ Vân Ðạo"
"ex:monk/tu_bach_chan_kha","Tử Bách Chân Khả"
"ex:monk/tu_ho_ly_tong","Tử Hồ Lý Tông"
"ex:monk/tu_lang_tu_du","Tử Lăng Tự Du"
"ex:monk/tu_ngoc_dao_thong","Tử Ngọc Đạo Thông"
"ex:monk/tu_dong","Tử Đồng"
"ex:monk/ty_ni_da_luu_chi","Tỳ Ni Đa Lưu Chi"
"ex:monk/u_chau_hong_loa","U Châu Hồng Loa"
"ex:monk/u_chau_dam_khong","U Châu Đàm Không"
"ex:monk/vien_ngo_khac_can","Viên Ngộ Khắc Cần Phật Quả"
"ex:monk/vien_thong_thu_tue","Viên Thông Thủ Tuệ"
"ex:monk/vien_thong_dao_man","Viên Thông Ðạo Mân"
"ex:monk/vien_van_chuyet_cong","Viên Văn Chuyết Công"
"ex:monk/van_cai_thu_tri","Vân Cái Thủ Trí"
"ex:monk/van_cai_tri_ban","Vân Cái Trí Bản"
"ex:monk/van_cu_nguyen_huu","Vân Cư Nguyên Hựu"
"ex:monk/van_cu_nang","Vân Cư Năng"
"ex:monk/van_cu_phap_nhu","Vân Cư Pháp Như"
"ex:monk/van_cu_thien_ngo","Vân Cư Thiện Ngộ"
"ex:monk/van_cu_tong_chan","Vân Cư Tông Chấn"
"ex:monk/van_cu_tu_vien","Vân Cư Tự Viên"
"ex:monk/van_cu_duc_hoi","Vân Cư Ðức Hội"
"ex:monk/van_cu_duc_thang","Vân Cư Ðức Thăng"
"ex:monk/van_mon_hien_kham","Vân Môn Hiển Khâm"
"ex:monk/van_nham_thien_du","Vân Nham Thiên Du"
"ex:monk/van_nham_dam_thanh","Vân Nham Đàm Thạnh"
"ex:monk/van_phong_tue_xuong","Vân Phong Tuệ Xướng"
"ex:monk/van_phong_dao_vien","Vân Phong Ðạo Viên"
"ex:monk/van_son","Vân Sơn"
"ex:monk/pha_am_to_tien","Vô Chuẩn Sư Phạm"
"ex:monk/vo_chuan_su_pham","Vô Chuẩn Sư Phạm"
"ex:monk/bach_van_khong_do","Vô Huyễn Tịnh Xung"
"ex:monk/vo_huyen_tinh_xung","Vô Huyễn Tịnh Xung"
"ex:monk/vo_mon_hue_khai","Vô Môn Huệ Khai"
"ex:monk/vo_ngon_thong","Vô Ngôn Thông"
"ex:monk/bach_van_khong_do","Vô Tận Tuệ Hải"
"ex:monk/vo_tan_tue_hai","Vô Tận Tuệ Hải"
"ex:monk/vo_minh_te_ngo","Vô Tế Minh Ngộ"
"ex:monk/vo_vi_thu_duyen","Vô Vi Thủ Duyên"
"ex:monk/vo_vi_tong_thai","Vô Vi Tông Thái"
"ex:monk/vo_tuyen_son_chinh","Võ Tuyền Sơn Chính"
"ex:monk/vo_dang_phat_nham_huy","Võ Đang Phật Nham Huy"
"ex:monk/van_thu_tam_dao","Văn Thù Tâm Đạo"
"ex:monk/van_thu_tu_nghiep","Văn Thù Tư Nghiệp"
"ex:monk/vinh_an_dieu_hy","Vĩnh An Diệu Hỷ"
"ex:monk/vinh_an_nguyen_chanh","Vĩnh An Nguyên Chánh"
"ex:monk/vinh_gia_huyen_giac","Vĩnh Gia Huyền Giác"
"ex:monk/vinh_khanh_quang_pho","Vĩnh Khánh Quang Phổ"
"ex:monk/vinh_phuoc_dien_chieu","Vĩnh Phước Diên Chiếu"
"ex:monk/vinh_xuong_giac_thua","Vĩnh Xướng Giác Thừa"
"ex:monk/van_nien_dam_bi","Vạn Niên Đàm Bí"
"ex:monk/van_nien_dao_nhan","Vạn Niên Đạo Nhàn"
"ex:monk/van_phong_thoi_uy","Vạn Phong Thời Ủy"
"ex:monk/van_sam_thieu_tu","Vạn Sam Thiệu Từ"
"ex:monk/van_tho_phap_thuyen","Vạn Thọ Pháp Thuyên"
"ex:monk/van_tho_pho_tin","Vạn Thọ Phổ Tín"
"ex:monk/van_tho_ung_thanh","Vạn Thọ Ứng Thành"
"ex:monk/ve_quoc_kinh_trieu_dao","Vệ Quốc Kinh Triệu Đạo"
"ex:monk/vu_chau_huyen_sach","Vụ Châu Huyền Sách"
"ex:monk/vu_chau_tan_kien","Vụ Châu Tân Kiến"
"ex:monk/hoang_long_hue_nam","hoang_long_hue_nam"
"ex:monk/ich_chau_truong_binh","Ích Châu Trường Bình"
"ex:monk/ich_chau_tay_muc","Ích Châu Tây Mục"
"ex:monk/ich_chau_vo_tuong","Ích Châu Vô Tướng"
"ex:monk/ich_chau_ung_thien","Ích Châu Ứng Thiên"
"ex:monk/lenh_nhan_minh_that","Ðạo Nhân Lệnh Nhân Minh Thất"
"ex:monk/ngo_thap_tam","Ðạo Nhân Ngô Thập Tam"
"ex:monk/ong_chanh_tinh_giac","Ðồng Chánh Tịnh Giác"
"ex:monk/ong_chanh_tinh_nhu","Ðồng Chánh Tịnh Như"
"ex:monk/ong_chon_thong_niem","Ðồng Chơn Thông Niệm"
"ex:monk/ong_huy_quang_tu","Ðồng Huy Quảng Tú"
"ex:monk/ong_kinh_tin_qua","Ðồng Kỉnh Tín Quả"
"ex:monk/ong_phuoc_thong_buu","Ðồng Phước Thông Bửu"
"ex:monk/ong_ien","Ðồng Ðiển"
"ex:monk/ong_o_tinh_khiet","Ðồng Ðộ Tịnh Khiết"
"ex:monk/dong_son_chi_can","Ðộng Sơn Chí Càn"
"ex:monk/o_cuu","Ô Cựu"
"ex:monk/o_hoi_luong_pham","Ô Hồi Lương Phạm"
"ex:monk/o_nhai_so","Ô Nhai Sở"
"ex:monk/o_thach_linh_quan","Ô Thạch Linh Quán"
"ex:monk/on_chau_phat_ao","Ôn Châu Phật Áo"
"ex:monk/thua_vien","ĐS Thừa Viễn"
"ex:monk/dinh_bao_phong_tri","Đinh Bảo Phong Trí"
"ex:monk/dinh_chau_thuy_duong","Đinh Châu Thủy Đường"
"ex:monk/dieu_khoa_dao_lam","Điểu Khòa Đạo Lâm"
"ex:monk/doan_huc_nhu_hoang","Đoan Húc Như Hoằng"
"ex:monk/doan_vien_chieu_hoa","Đoan Viên Chiếu Hóa"
"ex:monk/doan_kieu_dieu_luan","Đoạn Kiều Diệu Luân"
"ex:monk/dam_chau_hoa_lam","Đàm Châu Hoa Lâm"
"ex:monk/kinh_trieu_thi_loi","Đàm Châu Hoa Lâm"
"ex:monk/dam_chau_long_son","Đàm Châu Long Sơn"
"ex:monk/dam_chau_thach_suong_lam","Đàm Châu Thạch Sương Lâm"
"ex:monk/dam_chau_trung_van_cai","Đàm Châu Trung Vân Cái"
"ex:monk/dam_chau_van_cai_canh","Đàm Châu Trung Vân Cái"
"ex:monk/dam_chau_truong_ty_khoang","Đàm Châu Trường Tỳ Khoáng"
"ex:monk/dam_chau_tu_khe","Đàm Châu Tú Khê"
"ex:monk/dam_chau_tong_an","Đàm Châu Tổng Ấn"
"ex:monk/dam_chau_van_cai_canh","Đàm Châu Vân Cái Cảnh"
"ex:monk/dam_chau_dai_xuyen","Đàm Châu Đại Xuyên"
"ex:monk/dau_suat_chi_an","Đâu Suất Chí Ân"
"ex:monk/dau_suat_tue_chieu","Đâu Suất Tuệ Chiếu"
"ex:monk/dau_suat_tung_duyet","Đâu Suất Tùng Duyệt"
"ex:monk/do_luong_ton_thuc","Đô Lương Tồn Thực"
"ex:monk/dong_duong_huyen_sach","Đông Dương Huyền Sách"
"ex:monk/dong_lam_tu_tuan","Đông Lâm Tự Tuân"
"ex:monk/dong_lam_dao_nhan","Đông Lâm Đạo Nhan"
"ex:monk/dong_minh_nhan_tien","Đông Minh Nhân Tiên"
"ex:monk/dong_minh_thien","Đông Minh Thiên"
"ex:monk/dong_son_cat","Đông Sơn Cát"
"ex:monk/dong_son_giac","Đông Sơn Giác"
"ex:monk/dong_son_pham_ngon","Đông Sơn Phạm Ngôn"
"ex:monk/dong_son_te_vi","Đông Sơn Tề Vĩ"
"ex:monk/dong_thien_duy_tu","Đông Thiền Duy Tư"
"ex:monk/dong_thien_tung_mat","Đông Thiền Tùng Mật"
"ex:monk/dong_thien_tu_nhac","Đông Thiền Tư Nhạc"
"ex:monk/dang_van_sieu_cap","Đăng Vân Siêu Cập"
"ex:monk/don_ha_nghia_an","Đơn Hà Nghĩa An"
"ex:monk/don_ha_thien_nhien","Đơn Hà Thiên Nhiên"
"ex:monk/dai_an_thanh_can","Đại An Thanh Cán"
"ex:monk/dai_chau_hue_hai","Đại Châu Huệ Hải"
"ex:monk/dai_duong","Đại Dương"
"ex:monk/dai_giac_nguy_phu","Đại Giác Ngụy Phủ"
"ex:monk/dai_hong_to_chung","Đại Hồng Tổ Chứng"
"ex:monk/lao_na_tu_dang_dai_hoang","Đại Hồng Tổ Chứng"
"ex:monk/dai_mai_phap_thuong","Đại Mai Pháp Thường"
"ex:monk/dai_ngu_thu_chi","Đại Ngu Thủ Chi"
"ex:monk/dai_quy_hoai_tu","Đại Quy Hoài Tú"
"ex:monk/dai_quy_hanh","Đại Quy Hạnh"
"ex:monk/dai_quy_hai_binh","Đại Quy Hải Bình"
"ex:monk/dai_quy_mo_triet","Đại Quy Mộ Triết"
"ex:monk/dai_quy_phap_thai","Đại Quy Pháp Thái"
"ex:monk/dai_quy_thien_qua","Đại Quy Thiện Quả"
"ex:monk/dai_quy_te_tuan","Đại Quy Tề Tuân"
"ex:monk/dai_quy_to_xuan","Đại Quy Tổ Xuân"
"ex:monk/dai_thua_duc_tuan","Đại Thừa Ðức Tuân"
"ex:monk/dai_trung_lam_chi","Đại Trung Lập Chí"
"ex:monk/dai_trung_tuong_phu_hai","Đại Trung Tường Phù Hải"
"ex:monk/dai_tuy_nguyen_tinh","Đại Tùy Nguyên Tỉnh"
"ex:monk/dai_tu_hoan_trung","Đại Từ Hoàn Trung"
"ex:monk/dai_dong_quang_trung","Đại Đồng Quảng Trừng"
"ex:monk/giang_chau_song_khe_dien","Đạo Giả Giang Châu Song Khê Điền"
"ex:monk/dao_minh_hue_sam","Đạo Minh Huệ Sảm"
"ex:monk/dao_man_moc_tran","Đạo Mân Mộc Trần"
"ex:monk/dao_ngo_nhu_nang","Đạo Ngô Nhữ Năng"
"ex:monk/dao_ngo_so_phuong","Đạo Ngô Sở Phương"
"ex:monk/dao_ngo_trong_vien","Đạo Ngô Trọng Viên"
"ex:monk/dao_ngo_vien_tri","Đạo Ngô Viên Trí"
"ex:monk/giac_am_to_thi","Đạo Nhân Giác Am Tổ Thị"
"ex:monk/dao_nhan_tich_lac","Đạo Nhẫn Tịch Lạc"
"ex:monk/dao_phu","Đạo Phủ"
"ex:monk/dao_trang_cu_tue","Đạo Tràng Cư Tuệ"
"ex:monk/dao_trang_minh_bien","Đạo Tràng Minh Biện"
"ex:monk/dao_trang_nhu_not","Đạo Tràng Như Nột"
"ex:monk/dao_trang_pho_nham","Đạo Tràng Phổ Nham"
"ex:monk/dao_trang_tue_lam","Đạo Tràng Tuệ Lâm"
"ex:monk/dao_tuyen","Đạo Tuyên"
"ex:monk/nam_nhac_minh_toan","Đạo Tuyên"
"ex:monk/ngo_thap_tam","Đạo nhân Ngô Thập Tam"
"ex:monk/dat_khoan_chanh_an","Đạt Khoan Chánh An"
"ex:monk/dat_khuong_vien_giac","Đạt Khương Viên Giác"
"ex:monk/dat_luong_hung_long","Đạt Lượng Hưng Long"
"ex:monk/dat_thuyen_nhut_chanh","Đạt Thuyên Nhựt Chánh"
"ex:monk/dau_tu_dai_dong","Đầu Tử Đại Đồng"
"ex:monk/dang_giac_pho_minh","Đẳng Giác Phổ Minh"
"ex:monk/dinh_phong_qua_thanh","Đỉnh Phong Quả Thành"
"ex:monk/dinh_chau_thien_thoi","Định Châu Thiện Thôi"
"ex:monk/dinh_hue_sieu_tin","Định Huệ Siêu Tín"
"ex:monk/hung_hoa_nhan_nhac","Định Lâm Cảnh Phượng"
"ex:monk/dinh_lam_tue_sam","Định Lâm Tuệ Sâm"
"ex:monk/dong_an_dieu_tri","Đồng An Diệu Trí"
"ex:monk/dong_nguyen_thien_nguyen","Đồng Nguyện Thiện Nguyện"
"ex:monk/dong_qua_thien_phuoc","Đồng Quả Thiện Phước"
"ex:monk/dd_dong_thien_thien_an","Đồng Thiện Thiện Ân"
"ex:monk/dong_tri_bao_hue","Đồng Trí Bảo Huệ"
"ex:monk/dong_an","Động An"
"ex:monk/dong_son_bien","Động Sơn Biện"
"ex:monk/dong_son_pham_ngon","Động Sơn Trạch Ngôn"
"ex:monk/dong_son_trach_ngon","Động Sơn Trạch Ngôn"
"ex:monk/dong_dinh_tue_nguyet","Động Đình Tuệ Nguyệt"
"ex:monk/quang_tue_nguyen_lien","Động Đình Tuệ Nguyệt"
"ex:monk/bach_van_khong_do","Đột Không Trí Bản"
"ex:monk/dot_khong_tri_ban","Đột Không Trí Bản"
"ex:monk/duc_son_tuyen_giam","Đức Sơn Tuyên Giám"
"ex:monk/duc_son_tu_quyen","Đức Sơn Tử Quyên"
"ex:monk/duc_thien_nhan_hoi","Đức Thiền Nhân Hội"
"ex:monk/an_binh_buu_quang","Ấn Bình Bửu Quang"
"ex:monk/an_binh_pho_bao","Ấn Bính Phổ Bảo"
"ex:monk/an_bao_chanh_nhon","Ấn Bảo Chánh Nhơn"
"ex:monk/an_bao_chanh_nhon","Ấn Bảo Chánh Nhơn"
"ex:monk/an_bon_vinh_gia","Ấn Bổn Vĩnh Gia"
"ex:monk/an_chanh_hue_minh","Ấn Chánh Huệ Minh"
""ex:monk/an_chanh_hue_minh","Ấn Chánh Huệ Minh""
"ex:monk/an_chi_hoang_chinh","Ấn Chí Hoằng Chỉnh"
"ex:monk/an_cu_hoang_tri","Ấn Cứ Hoằng Tri"
"ex:monk/an_dieu_tu_nhan","Ấn Diệu Từ Nhẫn"
"ex:monk/an_hoa_to_duong","Ấn Hoa Tổ Đường"
"ex:monk/an_huong_phap_nhan","Ấn Hướng Pháp Nhãn"
"ex:monk/an_kim_hoang_tinh","Ấn Kim Hoằng Tịnh"
"ex:monk/an_lan_tu_tri","Ấn Lan Từ Trí"
"ex:monk/an_long_thien_quoi","Ấn Long Thiện Quới"
"ex:monk/an_luan_hoang_hoa","Ấn Luân Hoằng Hóa"
"ex:monk/an_lanh_hoang_thac","Ấn Lãnh Hoằng Thạc"
"ex:monk/an_nghiem_pho_thoai","Ấn Nghiêm Phổ Thoại"
"ex:monk/an_ngan_tin_thanh","Ấn Ngân Tín Thành"
"ex:monk/an_nhu_hue_huong","Ấn Như Huệ Hương"
"ex:monk/an_phuoc_chi_thanh","Ấn Phước Chí Thành"
"ex:monk/an_tham_hoang_phuc","Ấn Tham Hoằng Phúc"
"ex:monk/an_thanh_chi_thanh","Ấn Thanh Chí Thành"
"ex:monk/an_thien_hue_nhan","Ấn Thiên Huệ Nhãn"
"ex:monk/an_thi_hoang_quan","Ấn Thị Hoằng Quán"
"ex:monk/an_tin_hue_nhat","Ấn Tín Huệ Nhật"
"ex:monk/an_tinh_hoang_thanh","Ấn Tịnh Hoằng Thanh"
"ex:monk/an_to_phuoc_minh","Ấn Tổ Phước Minh"
"ex:monk/an_tung_hoang_niem","Ấn Tụng Hoằng Niệm"
"ex:monk/an_doan_hoang_nghia","Ấn Đoan Hoằng Nghĩa"
"ex:monk/an_dai_van_hanh","Ấn Đại Vạn Hạnh"
"ex:monk/an_dinh_hue_dang","Ấn Định Huệ Đăng"
"ex:monk/an_tinh_ngan_sam","Ẩn Tỉnh Ngạn Sầm"