id,name_zh_hien_tai,name_vi_hien_tai,name_zh_t78,name_vi_t78
A000001,金總持,Kim Tổng Trì,明因妙善普濟法師,Minh Nhân Diệu Thiện Phổ Tế Pháp Sư
A000006,一山国師,nhất sơn quốc sư nhất ninh nhất sơn nhất ninh diệu từ hoằng tế nhất sơn ninh,一山寧,Nhất Sơn Ninh
A000007,一如,Nhất Như,如一菴,Như Nhất Am
A000011,一念居士,Nhất Niệm Cư Sĩ,淥田一念,Lóc Điền Nhất Niệm
A000012,一松,Nhất Tùng,松師,Tùng Sư
A000015,一絲文守,Nhất Ty Văn Thủ,定慧明光佛頂國師,Định Huệ Minh Quang Phật Đính Quốc Sư
A000282,延壽,Vĩnh Minh Diên Thọ,慧日永明,Huệ Nhật Vắng Minh
A000306,はくうん-えぎょう,Pháp Vân Cảo,佛照禪師,Phật Chiếu Thiền Sư
A000564,こうんえじょう,Cô Vân Hoài Trang,孤雲懷弉,Cô Vân Hoài 弉
A000856,洪喬祖,Cao Phong Nguyên Diệu,直翁,Trực Ông
A001060,惟一,Hoàn Khê Duy Nhất,環溪惟一,Hoàn Khe Duy Nhất
A001144,きあん そえん,Hổ Quan Sư Luyện,規庵祖圓,Qui Am Tổ Viên
A001146,つうげん じゃくれい,Tối Thừa Tự,通幻寂靈,Thông Ảo Tịch Linh
A001304,智儼,Trí Nghiễm,雲華尊者,Vân Hoa Tôn Giả
A001361,菩提達磨,Bồ Đề Đạt Ma,壁觀婆羅門,Bích Quan Bà La Môn
A001387,雲岫,Sở Thạch Phạm Kỳ,雲外雲岫,Vân Ngoại Vân Tụ
A001394,袾宏,Vân Thê Châu Hoằng,雲棲袾宏,Vân Tê Chu Hoằng
A001411,克勤,Vô Trước,無著,Vô Trứ
A001475,義遠,Giác Lãng Đạo Thạnh,瑞巖,Thụy Nham
A001499,どうげん,Vĩnh Bình Quảng Lục,承陽大師,Thừa Dương Đại Sư
A001744,慧辯,Tuệ Biện,無際大師,Vô Tế Đại Sư
A001897,懷海,Bách Trượng Hoài Hải,百丈海,Bách Trượng Hải
A001960,道隆,Chương Kính Hoài Huy,大覺禪師,Đại Giác Thiền Sư
A001984,靈祐,Quy Sơn Linh Hựu,大圓禪師,Đại Viên Thiền Sư
A002000,慧遠,Nhị Đế,淨影慧遠,Tịnh Ảnh Huệ Viễn
A002525,廣目天王,Tỳ Rô Bác Xoa,毘嚕博叉,Bì Rủa Bác Xoa
A002574,達摩弗多,Pháp Tử,法子,Pháp Tí
A002627,伊葉波羅,Pháp Lực,自在,Tự Tại
A002857,鳩摩羅多,Pháp Danh,童子,Đồng Tí
A003064,常不輕菩薩,Tứ Chúng,不輕菩薩,Bất Khinh Bồ Tát
A003237,偷髮利鹿孤,Vô Nhiễm,康王,Khang Vương
A003371,裴徽,Vân Ngoại Vân Tụ,文秀,Văn Tú
A003667,李忱,Chú Phổ Am,宣宗,Tuyên Tông
A003669,善會,Hoa Đình Đức Thành,夾山善會,Giáp Sơn Thiện Hội
A003881,慧可,Nhị Tổ,二祖,Nhì Tổ
A003890,慧稜,Trường Khánh,長慶,Trưởng Khánh
A004628,思慧,Diệu Trạm Huệ,妙湛慧,Diệu Đậm Huệ
A004741,普通,Vô Minh Huệ Kinh,瑞峰,Thụy Phong
A005159,世親,Bà Tu Bàn Đâu,婆修盤頭,Bà Tu Bàn Đầu
A005481,道場,Chí Niệm,道長,Đạo Trưởng
A005836,五藥叉,Bát Bộ,夜叉,Dạ Xoa
A005864,曠,Khoáng Pháp Sư,曠法師,Khoảng Pháp Sư
A006078,許崇灝,Lý Tuân Úc,公武,Công Vũ
A006443,道瓚,Lãn Toản,明瓚,Minh Toản
A006688,興慈,Mông Sơn,興慈大師,Hưng Từ Đại Sư
A007292,姒康,Thiếu Khang,少康,Thiểu Khang
A008187,釋志德,Huệ Bố,至德,Chí Đức
A008261,圓悟,Khô Nhai Hòa Thượng Mạn Lục,枯崖和尚,Khô Day Hoà Chuộng
A008402,育,A Dục Vương,育王,Dục Vương
A008635,應乾,Bảo Phong Khắc Văn,泐潭,Lặc Đằm
A008800,婆須密,Bà Tu Mật,婆須蜜,Bà Tua Mật
A008816,慧沐,Đại Quán,大觀,Đại Quan
A009032,蔡毓榮,Trúc Am Khả Quán,竹庵,Trúc Am
A009460,天然,Đan Hà Thiên Nhiên,丹霞然,Đam Hà Nhiên
A010232,釋慧安,Bát Hòa La Phạn,長安,Trưởng An
A010291,希遷,Thạch Đầu Hy Thiên,石頭希遷,Thạch Đầu Hơi Thiên
A010512,法常,Minh Châu Đại Mai Sơn Thường Thiền Sư Ngữ Lục,大梅法常,Đại Mai Pháp Thường
A010588,道膺,La Hán Quế Sâm,雲居道膺,Vân Cư Đạo Ưng
A010618,景岑,Trường Sa Cảnh Sầm,長沙,Trưởng Sa
A010678,匡仁,Sơ Sơn Khuông Nhân,疎山匡仁,Sơ Sơn Khuôn Nhân
A010681,居遁,Long Nha Cư Độn,龍牙居遁,Long Nha Cư Trốn
A010694,無相,Vô Tướng Đại Sư,無相大師,Vô Tương Đại Sư
A010698,郁伽長者,Nhất Thiên Nhị Bách Công Đức,功德,Công Đức
A010991,大義,Hư Đường Tập,元貞,Nguyên Trinh
A012774,守璋,Văn Huệ Trùng Nguyên,文慧禪師,Văn Huệ Thiền Sư
A012926,從瑾,Tuyết Am Tùng Cẩn,雪庵從瑾,Tuyết Am Tòng Cấn
A013301,廣贊,Chân Tướng,實相,Thực Tương
A013834,員相,Trĩ Nhiễm,奇童,Kỳ Đồng
A013844,泓師,Sư Hiệu,國師,Quốc Sư
A014170,全真,Bành Tế Tĩnh,無量壽佛,Vô Lượng Thọ Phật
A014250,無殷,Hòa Sơn Vô Ân,禾山無殷,Hoà Sơn Vô Ân
A014354,慶昭,Tử Văn,子文,Tí Văn
A014371,明因,Chơn Như,道詮,Đạo Thuyên
A014459,姜應麟,Viên Ngộ Khắc Cần,子文,Tí Văn
A014708,永道,Huyền Trang,三藏法師,Tam Tạng Pháp Sư
A014720,辯隆,Vân Môn Văn Yển,建隆,Kiến Long
A014842,洪照,Viên Thông Pháp Tú,圓通禪師,Viên Thông Thiền Sư
A015190,陸宇燝,Phi Vân,披雲,Phơ Vân
A015227,劉燾,Tổ Đường Tập,靜修,Tĩnh Tu
A015443,せいかん-しどん,Tây Giản Tử Đàm,西礀子曇,Tây 礀 Tí Đàm
A015467,世誠,Tịch Thất Nguyên Quang,絕學世誠,Tuyệt Học Thế Thành
A015478,婆羅豆婆遮,Tân Đầu Lô Phả La Đọa,頗羅墮,Phả La Đoạ
A015738,圓果,Trí Môn Quang Tộ,香林,Hương Lâm
A015857,迦留陀夷,Thời Khởi,時起,Thì Khởi
A016277,淨斯,Tể Lôn Siêu Vĩnh,百愚淨斯,Bách Ngu Tịnh Tư
A016340,佛音,Phật Âm,覺音,Giác Âm
A016343,燈炳,Biệt Am Tánh Thống,衡山燈炳,Hành Sơn Đăng Đòng
A017281,尸伽羅越,Sư Tư,尸迦羅越,Thây Ca La Việt
A017393,世羅,Ngưỡng Sơn Huệ Tịch,石室,Thạch Thất
A018183,樂史,Vương Tùy,子正,Tí Chánh
A018357,法杲,Tuyết Lãnh,雪山,Tuyết Sơn
A018522,大覺,Lâm Tê Nghia Huyên,魏府大覺,Ngụy Phủ Đại Giác
A018748,錢景臻,Kinh Khê Trạm Nhiên,道邃,Đạo Thúy
A018965,增長天王,Tứ Thiên Vương,南方天王,Nam Phương Thiên Vương
A019158,許渾,Trọng Hối,仲晦,Trọng Hổi
A019512,王昭,Khê Lam Thập Diệp Tập,光宗,Quang Tông
A019741,能行人,Hành Nhân,行人,Hàng Nhân
A020021,曠,Trường Tì Khoáng,長髭曠,Trưởng Tỳ Khoảng
A020039,茂源,Mậu Nguyên,歙州茂源,Hấp Châu Mậu Nguồn
A020667,沈煥然,Vô Văn Đạo Xán,無文,Vô Văn
A021255,守孫,Thạch Sương Thủ Tôn,石霜守孫,Thạch Sương Thú Tôn
A021260,楚文,Bảo Ninh Nhân Dũng,壽聖楚文,Thọ Thánh Sở Văn
A021377,清登,Thanh Trừng Tự,清澄,Thanh Trừng
A021462,鏡堂覺圓,Kính Đường Giác Viên,大圓禪師,Đại Viên Thiền Sư
A021501,子昉,Giám Chơn,普照,Phổ Chiếu
A021669,李裕,Huệ Triệt,德王,Đức Vương
A021719,左宗郢,Viên Thông,心源,Tâm Nguồn
A022026,鄧洵武,Đặng Tử Thường,鄧子常,Đặng Tí Thường
A022048,雪山大士,Tuyết Phong Quảng Lục,雪童,Tuyết Đồng
A022964,順之,Thuận Chi,了悟禪師,Liễu Ngộ Thiền Sư
A023087,段思平,Thiên Đồng Sơn Cảnh Đức Thiền Tự,太祖,Thái Tổ
A023294,興教明,Chứng Minh Sư,明師,Minh Sư
A023508,智積菩薩,Yết Ma,文殊,Văn Thùa
A023980,張詧,Kế Khởi Hoằng Trữ,退翁,Thoái Ông
A025188,心地房,Tâm Địa Giác Tâm,無本覺心,Vô Bản Giác Tâm
A025895,智嚴,Dũng Tuyền Tự,了覺大師,Liễu Giác Đại Sư
A026707,みょうそう-さいてつ,Minh Tẩu Tề Triết,明叟齊哲,Minh Tẩu Tày Triết
A027178,石梯,Thượng Đường,石梯和尚,Thạch Thê Hoà Chuộng
A028042,天庵妙受,Cổ Lâm Thanh Mậu,佛性禪師,Phật Tính Thiền Sư
A029479,萬丈悟光,Ngọc Kệ,逍遙,Tiêu Diêu
A031088,どくたん-しょうけい,Ẩn Nguyên Long Kỷ,獨湛性瑩,Độc Đậm Tính Oánh
A036091,むがくぐぜん,Vĩnh Trạch Tự,五州,Ngũ Châu
A036142,とくおうりょうこう,Viên Thông Tự,德翁良高,Đức Ông Lương Cao
A036166,石鼎,Huyền Thấu Tức Trung,大器石鼎,Đại Khí Thạch Đỉnh
A037993,こうしょうちどう,Vĩnh Bình Thanh Quy,光紹智堂,Quang Thiệu Trí Đường
A038987,いしかわそどう,Tổng Trì Tự,石川素童,Thạch Xuyên Tố Đồng
A039083,ぶっしゅうせんえい,Phật Châu Tiên Anh,佛洲仙英,Phật Chòng Tiên Anh
A042159,宏成,Trạm Nhiên Viên Trừng,湛然,Đậm Nhiên
A042791,黃錦,Thiên Nham Nguyên Trường,龍山,Long Sơn
A043679,燕只不花,Ngữ Phong Viên Tín,雪庭,Tuyết Đình
A044640,圓證,Vô Quan Phổ Môn,普門,Phổ Môn
A044854,羅之翥,Ngũ Tổ Tự,慧安,Huệ An
A045617,董邦達,Hưng Viên,東山,Đông Sơn
A045746,無為,Thanh Chuyết Chánh Trừng,圓覺,Viên Giác
A045783,尹臺,Đạo Toàn,洞山,Đọng Sơn
A045784,劉安成,Hán Nguyệt Pháp Tạng,三峰,Tam Phong
A045983,濟林,Quang Trạch Tự,法雲,Pháp Vân
A045988,普濟明,Tử Hồ Lợi Túng,廣明,Quảng Minh
A045998,靈鑒,An Huệ,廣智,Quảng Trí
A046125,寶林,Quốc Thanh Tự,重源,Trọng Nguồn
A046179,胡雪巖,Tuyết Nham Tổ Khâm,雪巖,Tuyết Nham
A046200,谷鍾秀,Dương Kỳ Phương Hội,九峰,Cửu Phong
A046266,高峯,Thiên Thùy Bảo Cái Địa Dõng Kim Liên,佛日普照,Phật Nhật Phổ Chiếu
A046288,永成,Pháp Luân,道果,Đạo Quả
A046428,寂影,Chuyết Am Đức Quang,拙菴,Chút Am
A046692,繆瞻屺,Viên Nhân,志遠,Chí Viễn
A046749,慧,Trung Phong Minh Bổn,慧禪師,Huệ Thiền Sư
A046760,實安,Trường Khánh Huệ Lăng,長慶,Trưởng Khánh
A046794,知明,Sơn Môn,無相,Vô Tương
A046832,東明旭,Đông Minh Huệ Nhật,東明,Đông Minh
A046917,德乘,Hoằng Trí Chánh Giác,本宗,Bản Tông
A047087,陳肈璿,Bắc Đẩu,玉衡,Ngọc Hành
A047186,秦承烈,Tháng Mười Âm Lịch,大章,Đại Chương
A047190,劉尚義,Bối Điển,南國,Nam Quốc
A047195,馮昶,Tuyển Trạch Bổn Nguyện Niệm Phật Tập,永嘉,Vắng Gia
