Tên,Lineage,Issues,URI
"Thánh Thiên","DUPLICATE","2 monks",
"Động Đình Tuệ Nguyệt","DUPLICATE","2 monks",
"Lang Sơn Tuệ Ôn","DUPLICATE","2 monks",
"Long Hoa Cao","DUPLICATE","2 monks",
"Cư Sĩ Thái Sử Hoàng Ðình Kiên","DUPLICATE","2 monks",
"Cư Sĩ Mạc Tướng Thượng Thư Thiếu Hư","DUPLICATE","2 monks",
"Mã Tổ Đạo Nhất","DUPLICATE","2 monks",
"Thiền sư","DUPLICATE","26 monks",
"Hoàng Bá Hy Vận","DUPLICATE","2 monks",
"Nan Sanh","DUPLICATE","2 monks",
"Mã Minh","DUPLICATE","2 monks",
"Chơn Phước Phổ Đồng","DUPLICATE","2 monks",
"Ấn Chiếu Đương Niệm","DUPLICATE","2 monks",
"Thích Đương Dung","DUPLICATE","2 monks",
"Chơn Thật Chí Bảo","DUPLICATE","2 monks",
"Chơn Ðiền Ðạo Phước","DUPLICATE","2 monks",
"Ấn Triêm Từ Minh","DUPLICATE","2 monks",
"Thích Ấn Lực","DUPLICATE","2 monks",
"Như Ðiền Huệ Chấn","DUPLICATE","2 monks",
"Như Thông Tôn Nguyên","DUPLICATE","2 monks",
"Tâm Thanh Chơn Nghiêm","DUPLICATE","3 monks",
"Như Tín Giác Chánh","DUPLICATE","2 monks",
"Như Cẩm Giác Chơn","DUPLICATE","2 monks",
"Am Chủ Đồng Phong","DUPLICATE","2 monks",
"Bồ Đề Quang Dụng","DUPLICATE","2 monks",
"Dược Sơn Duy Nghiễm","DUPLICATE","2 monks",
"Toàn Ðịnh Bảo Tạng","DUPLICATE","2 monks",
"Đại Ninh Ðạo Khoan","DUPLICATE","2 monks",
"Long Nha Tông Mật","DUPLICATE","2 monks",
"Đạo Giả Giang Châu Song Khê Điền","DUPLICATE","2 monks",
"Đàm Châu Trung Vân Cái","DUPLICATE","4 monks",
"Vân Môn Hải Yến","DUPLICATE","2 monks",
"Giác A","DUPLICATE","2 monks",
"Trường Linh Thủ Trác","DUPLICATE","3 monks",
"Long Hoa Bản","DUPLICATE","2 monks",
"Am Chủ Tích Thúy Vĩnh","DUPLICATE","2 monks",
"Đầu Tử Đại Đồng","DUPLICATE","2 monks",
"Hoàng Long Ðức Phùng","DUPLICATE","2 monks",
"Bách Trượng Hoài Hải","DUPLICATE","3 monks",
"Bổn Khê","DUPLICATE","2 monks",
"Ngũ Đài Ẩn Phong","DUPLICATE","2 monks",
"Ma Ha Ca Diếp","DUPLICATE","3 monks",
"Tôn Giả A Nan","DUPLICATE","2 monks",
"Dục Vương Ðoan Dụ","DUPLICATE","2 monks",
"Diên Phúc Tuệ Thăng","DUPLICATE","3 monks",
"Tịnh Từ Sư Nhất","DUPLICATE","2 monks",
"Thái Bình Huệ Cần Phật Giám","DUPLICATE","2 monks",
"Thiền Sư","DUPLICATE","3 monks",
"Đàm Loan","DUPLICATE","2 monks",
"Dục Vương Đại Quan","DUPLICATE","2 monks",
"Thái Tử Ðạo Nhất","DUPLICATE","2 monks",
"Thương Na Hòa Tu","DUPLICATE","3 monks",
"Mạt Điền Để Ca","DUPLICATE","3 monks",
"Bảo Ninh Nhân Dũng","DUPLICATE","2 monks",
"Bà Xá Tư Đa","DUPLICATE","2 monks",
"Tôn Giả Hạc Lặc Na","DUPLICATE","2 monks",
"Kim Lăng Pháp Trì","DUPLICATE","2 monks",
"Tuệ An Tuệ Uyên","DUPLICATE","2 monks",
"Thiệt Uyên Chí Bảo","DUPLICATE","2 monks",
"Toàn Trí Long Thọ","DUPLICATE","2 monks",
"Hoàng Bá Vĩnh Thái","DUPLICATE","2 monks",
"Truyền pháp Thiền Tông","DUPLICATE","2 monks",
"Xuất gia","DUPLICATE","6 monks",
"Đàm Châu Vân Cái Cảnh","DUPLICATE","2 monks",
"Long Thọ","DUPLICATE","2 monks",
"Nguyệt Chưởng Trí Uyên","DUPLICATE","2 monks",
"Định Lâm Cảnh Phượng","DUPLICATE","3 monks",
"Hưng Hóa Nhân Nhạc","DUPLICATE","2 monks",
"Thanh Nguyên Như","DUPLICATE","2 monks",
"Hưng Dương Hiền","DUPLICATE","2 monks",
"Tôn Giả Xà Dạ Đa","DUPLICATE","2 monks",
"Truyền pháp Thiền Tông Ấn Độ","DUPLICATE","2 monks",
"Tây Vực Quật Đa Tam Tạng","DUPLICATE","2 monks",
"Trí Hải Ðạo Bình","DUPLICATE","2 monks",
"Thần Quang Ðạo Tân","DUPLICATE","2 monks",
"Long Tường Ðạo Huy","DUPLICATE","2 monks",
"Tung Sơn Phổ Tịch","DUPLICATE","2 monks",
"Luật sư Pháp Triều","DUPLICATE","2 monks",
"Tây Sơn Huệ Chiếu","DUPLICATE","2 monks",
"Đột Không Trí Bản","DUPLICATE","2 monks",
"Vô Tận Tuệ Hải","DUPLICATE","2 monks",
"Bích Thiên Thanh Không","DUPLICATE","2 monks",
"Vô Huyễn Tịnh Xung","DUPLICATE","2 monks",
"Nguyệt Khê Diệu Trừng","DUPLICATE","2 monks",
"Đông Sơn Phạm Ngôn","DUPLICATE","2 monks",
"Động Sơn Trạch Ngôn","DUPLICATE","3 monks",
"Tôn Giả Ca Na Đề Bà","DUPLICATE","2 monks",
"Thánh Đề Bà","DUPLICATE","2 monks",
"Đạo Tuyên","DUPLICATE","2 monks",
"Long Hoa Ðạo Sơ","DUPLICATE","2 monks",
"Dược Lâm Thạch Quan","DUPLICATE","2 monks",
"Đại Hồng Tổ Chứng","DUPLICATE","2 monks",
"Thế Thân","DUPLICATE","2 monks",
"Đắc pháp","DUPLICATE","3 monks",
"Vô Chuẩn Sư Phạm","DUPLICATE","2 monks",
"Thượng Phong Bản Tài","DUPLICATE","2 monks",
"Am Chủ Sam Dương","DUPLICATE","3 monks",
"Am Chủ Phúc Bồn","DUPLICATE","2 monks",
"Pháp Luân Ứng Ðoan","DUPLICATE","2 monks",
"Hương Chúng","DUPLICATE","2 monks",
"Tam Tạng Na Đề","DUPLICATE","2 monks",
"Huyền Trang","DUPLICATE","2 monks",
"Kiền Châu Xứ Vy","DUPLICATE","2 monks",
"Tôn Giả Phật Đà Nan Đề","DUPLICATE","2 monks",
"Thiên Thai Vân Cư Trí","DUPLICATE","2 monks",
"Trừng Thành Giác Tiên","","Bio chứa cả 'Lâm Tế' và 'Thiếu Lâm' - có thể confused",
"Tôn Giả Bồ Đề Đạt Ma","","Bio chứa cả 'Lâm Tế' và 'Thiếu Lâm' - có thể confused",
"Đại Hồng Báo Ân","","Bio chứa cả 'Lâm Tế' và 'Thiếu Lâm' - có thể confused",
"Thanh Ninh Tâm Tịnh","","Bio chứa cả 'Lâm Tế' và 'Thiếu Lâm' - có thể confused",
"Trừng Văn Giác Nguyên","","Bio chứa cả 'Lâm Tế' và 'Thiếu Lâm' - có thể confused",
"aśvaghoṣa","","Bio quá ngắn hoặc trống",
"Công Thắng","","Bio quá ngắn hoặc trống",
"馬鳴","","Bio quá ngắn hoặc trống",
"Rta-dbyans","","Bio quá ngắn hoặc trống",
"Bắc Ấn Độ","","Bio quá ngắn hoặc trống",
"Hoa Thị","","Bio quá ngắn hoặc trống",
"Kashmia","","Bio quá ngắn hoặc trống",
"Thành Ta Chi Đa","","Bio quá ngắn hoặc trống",
"Xá Vệ","","Bio quá ngắn hoặc trống",
"Ðại thừa khởi tín luận (mahāyānaśraddhotpāda-śāstra)","","Bio quá ngắn hoặc trống",
"Ðại tông địa huyền văn bản luận (mahāyānabhūmiguhyavācāmūla-śāstra)","","Bio quá ngắn hoặc trống",
"Ðại trang nghiêm kinh luận (mahālaṅkāra-sūtra-śāstra)","","Bio quá ngắn hoặc trống",
"Hi khúc Xá-lị tử (śāriputraprakaraṇa)","","Bio quá ngắn hoặc trống",
"Lục đạo luân hồi kinh","","Bio quá ngắn hoặc trống",
"Ni-kiền tử vấn vô ngã nghĩa kinh","","Bio quá ngắn hoặc trống",
"Phật sở hạnh tán (buddhacarita-kāvya)","","Bio quá ngắn hoặc trống",
"Sự sư pháp ngũ thập tụng","","Bio quá ngắn hoặc trống",
"Thập bất thiện nghiệp đạo kinh (daśaduṣṭakarmamārga-sūtra)","","Bio quá ngắn hoặc trống",
"Tôn-già-lợi Nan-đà (saudarananda-kāvya)","","Bio quá ngắn hoặc trống",
"Chuyển tư tưởng Phật giáo từ Tiểu thừa sang Đại thừa","","Bio quá ngắn hoặc trống",
"Mở đầu nền văn học Văn thể (Kavya) tiếng Phạn","","Bio quá ngắn hoặc trống",
"Chủ trì Đại Hội Kiết tập kinh điển lần thứ tư tại Kashmia","","Bio quá ngắn hoặc trống",
"Tranh luận với Hiếp Tôn Giả, quy y Phật giáo","","Bio quá ngắn hoặc trống",
"Truyền pháp ở Hoa Thị, sự kiện với ông già biến thành người vàng, con sâu ma","","Bio quá ngắn hoặc trống",
"Paramartha (Chân Đế)","","Bio quá ngắn hoặc trống",
"Cưu Ma La Đa (kumāralāta)","","Bio quá ngắn hoặc trống",
"Cưu Ma La Thập","","Bio quá ngắn hoặc trống",
"Đại sư Cưu Ma La Thập","","Bio quá ngắn hoặc trống",
"Vua Kaniska","","Bio quá ngắn hoặc trống",
"Nghĩa Tịnh","","Bio quá ngắn hoặc trống",
"Pháp Hộ Đàm Ma La Sát","","Bio quá ngắn hoặc trống",
"Phú Na Dạ Xa","","Bio quá ngắn hoặc trống",
"Teidaro Suzuki","","Bio quá ngắn hoặc trống",
"Thánh Thiên","","Bio quá ngắn hoặc trống",
"Thực Xoa Nan Đà (Siksananda)","","Bio quá ngắn hoặc trống",
"Ta Chi Đa, Xá Vệ, Trung Ấn Độ","","Bio quá ngắn hoặc trống",
"Nhạc Sơn Am Chủ Tổ","","Bio quá ngắn hoặc trống",
"Công Mỹ","","Bio quá ngắn hoặc trống",
"Tể Nguyên","","Bio quá ngắn hoặc trống",
"Thiền sư","","Bio quá ngắn hoặc trống",
"Hồng Châu","","Bio quá ngắn hoặc trống",
"núi Huỳnh Nghiệt","","Bio quá ngắn hoặc trống",
"Tân An","","Bio quá ngắn hoặc trống",
"Tuyên Thành","","Bio quá ngắn hoặc trống",
"Tận lực ủng hộ Phật giáo sau thời kỳ Đường Vũ Tông diệt Phật","","Bio quá ngắn hoặc trống",
"Bùi Túc","","Bio quá ngắn hoặc trống",
"Khuê Phong Tông Mật","","Bio quá ngắn hoặc trống",
"Văn Hỷ Hà Đông","","Bio quá ngắn hoặc trống",
"Cảnh Sơn Cư","","Bio quá ngắn hoặc trống",
"N Tây Kinh Ðạo Thâm","","Bio quá ngắn hoặc trống",
"Cư Sĩ Ðề Hình Dương","","Bio quá ngắn hoặc trống",
"Tề Châu Thiện Ứng","","Bio quá ngắn hoặc trống",
"Tuệ Nhật Nam","","Bio quá ngắn hoặc trống",
"Cư Sĩ Triều Thỉnh Thôi Công","","Bio quá ngắn hoặc trống",
"Thiếu Lâm Giang","","Bio quá ngắn hoặc trống",
"Linh Nham Ứng","","Bio quá ngắn hoặc trống",
"Hợp Châu Giám","","Bio quá ngắn hoặc trống",
"Ðại Trí","","Bio quá ngắn hoặc trống",
"Đại Hồng Cung","","Bio quá ngắn hoặc trống",
"Chiêu Đề Bảo","","Bio quá ngắn hoặc trống",
"Long Môn Nam","","Bio quá ngắn hoặc trống",
"Trừng Chiêm Huệ Nhật","","Bio quá ngắn hoặc trống",
"Hiếp tì kheo","","Bio quá ngắn hoặc trống",
"Nan Sanh","","Bio quá ngắn hoặc trống",
"Bắc Thiên Trúc","","Bio quá ngắn hoặc trống",
"Ca Thấp Di La","","Bio quá ngắn hoặc trống",
"Trung Ấn Độ","","Bio quá ngắn hoặc trống",
"Hoằng dương chánh pháp","","Bio quá ngắn hoặc trống",
"Kết tập kinh điển lần thứ tư và biên tập bộ luận Đại Tì Bà Sa","","Bio quá ngắn hoặc trống",
"Đối luận với Mã Minh","","Bio quá ngắn hoặc trống",
"Kết tập kinh điển lần thứ tư","","Bio quá ngắn hoặc trống",
"Mã Minh","","Bio quá ngắn hoặc trống",
"Ca Nị Sắc Ca","","Bio quá ngắn hoặc trống",
"Nơi chưa xác định","","Bio quá ngắn hoặc trống",
"Ấn Bình Bửu Quang","","Bio quá ngắn hoặc trống",
"Chương Hiệp Chánh Trì","","Bio quá ngắn hoặc trống",
"Ấn Bảo Chánh Nhơn","","Bio quá ngắn hoặc trống",
"Ấn Phước Chí Thành","","Bio quá ngắn hoặc trống",
"Ấn Đoan Hoằng Nghĩa","","Bio quá ngắn hoặc trống",
"Chơn Sâm Phổ Truyền","","Bio quá ngắn hoặc trống",
"Chơn Phước Hoằng Thọ","","Bio quá ngắn hoặc trống",
"Chơn Nhã Hoằng Nghĩa","","Bio quá ngắn hoặc trống",
"Ấn Chánh Huệ Minh","","Bio quá ngắn hoặc trống",
"Chương Như Từ Ý","","Bio quá ngắn hoặc trống",
"Chơn Tín Pháp Hỷ","","Bio quá ngắn hoặc trống",
"Ấn Đại Vạn Hạnh","","Bio quá ngắn hoặc trống",
"Ấn Định Huệ Đăng","","Bio quá ngắn hoặc trống",
"Ấn Tín Huệ Nhật","","Bio quá ngắn hoặc trống",
"Ấn Như Huệ Hương","","Bio quá ngắn hoặc trống",
"Ấn Cứ Hoằng Tri","","Bio quá ngắn hoặc trống",
"Ấn Tịnh Hoằng Thanh","","Bio quá ngắn hoặc trống",
"Ấn Ngân Tín Thành","","Bio quá ngắn hoặc trống",
"Ấn Chí Hoằng Chỉnh","","Bio quá ngắn hoặc trống",
"TKN Huệ Hương Chơn Chất","","Bio quá ngắn hoặc trống",
"Chơn Đạo Chí Tâm","","Bio quá ngắn hoặc trống",
"Ấn Luân Hoằng Hóa","","Bio quá ngắn hoặc trống",
"Chơn Chất Quang Long","","Bio quá ngắn hoặc trống",
"Chơn Mẫn Khánh Phú","","Bio quá ngắn hoặc trống",
"Chơn Dung Phổ Nhuận","","Bio quá ngắn hoặc trống",
"Chơn Sự Khánh Quý","","Bio quá ngắn hoặc trống",
"Chơn Thường Khánh Độ","","Bio quá ngắn hoặc trống",
"Chơn Thường Quan Thiện","","Bio quá ngắn hoặc trống",
"Chơn Điển Khánh Trí","","Bio quá ngắn hoặc trống",
"Chơn Thành Quan Huệ","","Bio quá ngắn hoặc trống",
"Chơn Kinh Pháp Hương","","Bio quá ngắn hoặc trống",
"Chơn Khai Phổ Hy","","Bio quá ngắn hoặc trống",
"Ấn Thị Hoằng Quán","","Bio quá ngắn hoặc trống",
"Ấn Tụng Hoằng Niệm","","Bio quá ngắn hoặc trống",
"Ấn Hoa Tổ Đường","","Bio quá ngắn hoặc trống",
"Chơn Quỳnh Diệu Nguyên","","Bio quá ngắn hoặc trống",
"Chơn Thật Pháp Ngãi","","Bio quá ngắn hoặc trống",
"Ấn Tổ Phước Minh","","Bio quá ngắn hoặc trống",
"Chương Trí Quảng Giác","","Bio quá ngắn hoặc trống",
"Như Minh","","Bio quá ngắn hoặc trống",
"Chơn Châu Vạn Thành","","Bio quá ngắn hoặc trống",
"Ngộ Thiệu Minh Lý","","Bio quá ngắn hoặc trống",
"Huệ Lâm","","Bio quá ngắn hoặc trống",
"Huệ Tràng","","Bio quá ngắn hoặc trống",
"Hoằng Nguyện","","Bio quá ngắn hoặc trống",
"Hoằng Chất","","Bio quá ngắn hoặc trống",
"Hoằng Thọ","","Bio quá ngắn hoặc trống",
"Chơn Công Viên Giác","","Bio quá ngắn hoặc trống",
"Như Nghĩa Tấn Hạnh","","Bio quá ngắn hoặc trống",
"Như Ðiển Trí Tâm","","Bio quá ngắn hoặc trống",
"Như Giác Giác Ngộ","","Bio quá ngắn hoặc trống",
"Như Thiện Hoàn Quan","","Bio quá ngắn hoặc trống",
"Như Mẫn Hoàn Phú","","Bio quá ngắn hoặc trống",
"Như Nghĩa Tín Truyền","","Bio quá ngắn hoặc trống",
"Như Kế Huyền Đức","","Bio quá ngắn hoặc trống",
"Như Quyền Giải Đạt","","Bio quá ngắn hoặc trống",
"Như Phẩm Huyền Hoa","","Bio quá ngắn hoặc trống",
"Như Thiền Huyền An","","Bio quá ngắn hoặc trống",
"Như Lập Giải Thành","","Bio quá ngắn hoặc trống",
"Như Lễ Tín Trí","","Bio quá ngắn hoặc trống",
"Như Thư Giải Học","","Bio quá ngắn hoặc trống",
"Như Phục Giải Điều","","Bio quá ngắn hoặc trống",
"Như Thuận Tín Tấn","","Bio quá ngắn hoặc trống",
"Như Thâm Giải Nguyện","","Bio quá ngắn hoặc trống",
"Như Khuôn Giác Sơn","","Bio quá ngắn hoặc trống",
"Như Hương Hòa Phước","","Bio quá ngắn hoặc trống",
"Như Kế Huyền Tôn","","Bio quá ngắn hoặc trống",
"Toàn Ðạo Viên Ðàm","","Bio quá ngắn hoặc trống",
"Đạt Khương Viên Giác","","Bio quá ngắn hoặc trống",
"Liễu Đức Huệ Giáo","","Bio quá ngắn hoặc trống",
"Ðồng Huy Quảng Tú","","Bio quá ngắn hoặc trống",
"Đồng Quả Thiện Phước","","Bio quá ngắn hoặc trống",
"Chúc Thọ Quảng Thiện","","Bio quá ngắn hoặc trống",
"Pháp Châu","","Bio quá ngắn hoặc trống",
"Hải Chấn Chánh Ký","","Bio quá ngắn hoặc trống",
"Tánh Hồng Hải Tạng","","Bio quá ngắn hoặc trống",
"Thanh Lương Phổ Hiện","","Bio quá ngắn hoặc trống",
"Hải Vinh Phổ Tường","","Bio quá ngắn hoặc trống",
"Hải Ân Từ Điệp","","Bio quá ngắn hoặc trống",
"Hải Huệ Chánh Nhơn","","Bio quá ngắn hoặc trống",
"Hồng Pháp Thiện Minh","","Bio quá ngắn hoặc trống",
"Hồng Diệu Thiện Đạo","","Bio quá ngắn hoặc trống",
"Hồng Nhẫn Từ Nhơn","","Bio quá ngắn hoặc trống",
"Hồng Nhơn Từ Nhẫn","","Bio quá ngắn hoặc trống",
"Hồng Tôi Thiện Tường","","Bio quá ngắn hoặc trống",
"Hồng Mão Thiện Tâm","","Bio quá ngắn hoặc trống",
"Hồng Minh Từ Hội","","Bio quá ngắn hoặc trống",
"Hồng Tồng Quảng Đạt","","Bio quá ngắn hoặc trống",
"Hồng Thông Trí Châu","","Bio quá ngắn hoặc trống",
"Hồng Sáng Thiện Quang","","Bio quá ngắn hoặc trống",
"Hồng Chương Trí Đức","","Bio quá ngắn hoặc trống",
"Hồng Trung Thiện Tín","","Bio quá ngắn hoặc trống",
"Hồng Từ Diệu Nga","","Bio quá ngắn hoặc trống",
"Hồng Trung Diệu Hậu","","Bio quá ngắn hoặc trống",
"Hồng Lầu Diệu Tấn","","Bio quá ngắn hoặc trống",
"Hồng Quý Bửu Thanh","","Bio quá ngắn hoặc trống",
"Tế Đường Châu Cấp","","Bio quá ngắn hoặc trống",
"Phước Tịnh","","Bio quá ngắn hoặc trống",
"Nguyên Quang Huyền Khánh","","Bio quá ngắn hoặc trống",
"Nguyên Truyền Huyền Phong","","Bio quá ngắn hoặc trống",
"TT Thích Minh Dung","","Bio quá ngắn hoặc trống",
"Đồng An Đạo Phi","","Bio quá ngắn hoặc trống",
"Đồng An Quan Trí","","Bio quá ngắn hoặc trống",
"Tân La Tuệ","","Bio quá ngắn hoặc trống",
"Tân La Khánh Hiến","","Bio quá ngắn hoặc trống",
"Nam Nhạc Pháp Chí","","Bio quá ngắn hoặc trống",
"Lô Châu Dã Phụ Sơn","","Bio quá ngắn hoặc trống",
"Thư Châu Bạch Thủy Huy","","Bio quá ngắn hoặc trống",
"Đàm Châu Mộ Phụ","","Bio quá ngắn hoặc trống",
"Long Hưng Ngộ Không","","Bio quá ngắn hoặc trống",
"Lĩnh Ban","","Bio quá ngắn hoặc trống",
"Tân La Vân Trú","","Bio quá ngắn hoặc trống",
"Tấn Châu Đại Phạm","","Bio quá ngắn hoặc trống",
"Trì Châu Kê Sơn Chương","","Bio quá ngắn hoặc trống",
"Vân Cư Xương","","Bio quá ngắn hoặc trống",
"Nam Nhạc Nam Đài","","Bio quá ngắn hoặc trống",
"Lãng Châu Đức Sơn","","Bio quá ngắn hoặc trống",
"Kiến Châu Bạch Vân Giảm","","Bio quá ngắn hoặc trống",
"Đại Thiện Tuệ Hải","","Bio quá ngắn hoặc trống",
"Quy Tông Hoài Uẩn","","Bio quá ngắn hoặc trống",
"Vân Cư Hoài Nhạc","","Bio quá ngắn hoặc trống",
"Thiệp Châu Chu Khê Khiêm","","Bio quá ngắn hoặc trống",
"Thủy Tây Nam Đài","","Bio quá ngắn hoặc trống",
"Tri Châu Quảng Tế","","Bio quá ngắn hoặc trống",
"Quy Tông Đạm Quyền","","Bio quá ngắn hoặc trống",
"Tô Châu Vĩnh Quang Chân","","Bio quá ngắn hoặc trống",
"Dương Châu Phong Hóa","","Bio quá ngắn hoặc trống",
"Vân Cư Đạo Giản","","Bio quá ngắn hoặc trống",
"Phụng Thê Tuệ Chí","","Bio quá ngắn hoặc trống",
"Hàng Châu Phật Nhật","","Bio quá ngắn hoặc trống",
"Trừng Thanh Tịnh Nhãn","","Bio quá ngắn hoặc trống",
"Cư Sĩ Mạc Tướng Thượng Thư Thiếu Hư","","Bio quá ngắn hoặc trống",
"Ngọc Tuyền Ngộ Không","","Bio quá ngắn hoặc trống",
"Chánh Nhạc Bổn Siêu","","Bio quá ngắn hoặc trống",
"Thủ Đạo Tục Tiên","","Bio quá ngắn hoặc trống",
"Vĩnh Xướng Giác Thừa","","Bio quá ngắn hoặc trống",
"Thường Châu Thương Lãnh","","Bio quá ngắn hoặc trống",
"Phước Châu Toái Thạch","","Bio quá ngắn hoặc trống",
"Thường Châu Nghĩa Hưng","","Bio quá ngắn hoặc trống",
"Hành Châu Đạo Sần","","Bio quá ngắn hoặc trống",
"Chữ Kính","","Bio quá ngắn hoặc trống",
"Bảo Thông","","Bio quá ngắn hoặc trống",
"Hán Châu Thường Thanh","","Bio quá ngắn hoặc trống",
"Hải Lăng Đại Biện","","Bio quá ngắn hoặc trống",
"N Linh Chiếu","","Bio quá ngắn hoặc trống",
"Thiện Đạo","","Bio quá ngắn hoặc trống",
"Giang Tô Linh Mặc","","Bio quá ngắn hoặc trống",
"Phan Quang Tịnh Xán","","Bio quá ngắn hoặc trống",
"Cửu Mặc Đại Âm","","Bio quá ngắn hoặc trống",
"Cô Nhai Tịnh Thông","","Bio quá ngắn hoặc trống",
"Nguyên Khiết Tịnh Oánh","","Bio quá ngắn hoặc trống",
"Vân Tông Tịnh Nột","","Bio quá ngắn hoặc trống",
"Ban Nhã Tịnh Lữ","","Bio quá ngắn hoặc trống",
"Phá Ám Tịnh Đăng","","Bio quá ngắn hoặc trống",
"Thạch Vũ Minh Phương","","Bio quá ngắn hoặc trống",
"Tam Nghi Minh Vu","","Bio quá ngắn hoặc trống",
"Chương Lý Hoằng Hóa","","Bio quá ngắn hoặc trống",
"Chương Hải Thanh Nguyên","","Bio quá ngắn hoặc trống",
"Chương Nghĩa Thanh Tuyền","","Bio quá ngắn hoặc trống",
"Chương Tường Vĩnh Ðiền","","Bio quá ngắn hoặc trống",
"Toàn Ðịnh Bảo Tạng","","Bio quá ngắn hoặc trống",
"Toàn Tín Ðức Thành","","Bio quá ngắn hoặc trống",
"Khánh Thiện Tông Chấn","","Bio quá ngắn hoặc trống",
"Thành Nhạc Ẩn Sơn","","Bio quá ngắn hoặc trống",
"Thành Chí Minh Dung","","Bio quá ngắn hoặc trống",
"Minh Phụng","","Bio quá ngắn hoặc trống",
"Thành Ngộ Nghiêm Am","","Bio quá ngắn hoặc trống",
"Tổ Nhân Thiên Trường","","Bio quá ngắn hoặc trống",
"Hàng Thông Dư","","Bio quá ngắn hoặc trống",
"Phần Dương Thảng","","Bio quá ngắn hoặc trống",
"Tân La Thành Hư","","Bio quá ngắn hoặc trống",
"Tân La Lãng","","Bio quá ngắn hoặc trống",
"Ức Châu Thủ Nhàn","","Bio quá ngắn hoặc trống",
"Đại Lương Hồng Phương","","Bio quá ngắn hoặc trống",
"Cát Châu Giản Chi","","Bio quá ngắn hoặc trống",
"Trấn Châu Hồng Tế","","Bio quá ngắn hoặc trống",
"Hứa Châu Khánh Thọ","","Bio quá ngắn hoặc trống",
"Thương Châu Cao Minh","","Bio quá ngắn hoặc trống",
"Vận Châu Chánh Giác","","Bio quá ngắn hoặc trống",
"Trấn Châu Linh Thọ","","Bio quá ngắn hoặc trống",
"Hoạt Châu Quán Âm","","Bio quá ngắn hoặc trống",
"Hồng Châu Lộc Nguyên","","Bio quá ngắn hoặc trống",
"Lộ Phủ Bàn Đình Tông Mẫn","","Bio quá ngắn hoặc trống",
"Hàng Châu Long Tuyền Kính","","Bio quá ngắn hoặc trống",
"Dĩnh Châu Đại Dương","","Bio quá ngắn hoặc trống",
"Tân La Khâm Trung","","Bio quá ngắn hoặc trống",
"Tân La Hành Tịch","","Bio quá ngắn hoặc trống",
"Tề Kỷ","","Bio quá ngắn hoặc trống",
"Tú Tài Trương Chuyết","","Bio quá ngắn hoặc trống",
"Linh Ẩn Sùng Nhạc","","Bio quá ngắn hoặc trống",
"Tổ Đức Bảo Tạng","","Bio quá ngắn hoặc trống",
"Vạn Phong Thời Ủy","","Bio quá ngắn hoặc trống",
"Đạo Minh Huệ Sảm","","Bio quá ngắn hoặc trống",
"Đại Dương Cảnh Huyền","","Bio quá ngắn hoặc trống",
"Sùng Thắng Trí Thông","","Bio quá ngắn hoặc trống",
"Hối Thúc Vương Thự","","Bio quá ngắn hoặc trống",
"Bạch Mã Quy Xuân","","Bio quá ngắn hoặc trống",
"Đại Dương Kỳ","","Bio quá ngắn hoặc trống",
"Tứ Tổ Xử Nhân","","Bio quá ngắn hoặc trống",
"Phương Quảng Long","","Bio quá ngắn hoặc trống",
"Thừa Thiên Tông","","Bio quá ngắn hoặc trống",
"Phước Nghiêm Hiền","","Bio quá ngắn hoặc trống",
"An Châu Diên Phước","","Bio quá ngắn hoặc trống",
"Thái Bình Tuệ Không","","Bio quá ngắn hoặc trống",
"Vân Môn Bảo Ấn","","Bio quá ngắn hoặc trống",
"Động Sơn Tồn","","Bio quá ngắn hoặc trống",
"La Phù Viễn","","Bio quá ngắn hoặc trống",
"Giác Thành Ðạo Tề","","Bio quá ngắn hoặc trống",
"Tư Phước Thừa","","Bio quá ngắn hoặc trống",
"Tứ Tổ Hải","","Bio quá ngắn hoặc trống",
"Trường Linh Thủ Trác","","Bio quá ngắn hoặc trống",
"Long Hoa Bản","","Bio quá ngắn hoặc trống",
"Tường Thanh Quảng Tùng","","Bio quá ngắn hoặc trống",
"Quế Dương Long Phước Chân","","Bio quá ngắn hoặc trống",
"Tuyết Đậu Toại","","Bio quá ngắn hoặc trống",
"Năng Nhân Lý","","Bio quá ngắn hoặc trống",
"Bảo Phước Ngộ","","Bio quá ngắn hoặc trống",
"Ô Cự Quang","","Bio quá ngắn hoặc trống",
"Phụng Hoàng Thế Dao","","Bio quá ngắn hoặc trống",
"Quảng Tuệ Pháp Thông","","Bio quá ngắn hoặc trống",
"Quy Tông Minh","","Bio quá ngắn hoặc trống",
"Đại Dương Mãn","","Bio quá ngắn hoặc trống",
"Tùy Châu Tu Sơn","","Bio quá ngắn hoặc trống",
"Đại Thừa Thăng","","Bio quá ngắn hoặc trống",
"Võ Đang Phật Nham","","Bio quá ngắn hoặc trống",
"Tiến Phước Trạch Sùng","","Bio quá ngắn hoặc trống",
"Khai Nguyên Tự","","Bio quá ngắn hoặc trống",
"Phù Châu Thiện Nhã","","Bio quá ngắn hoặc trống",
"Đơn Châu Đông Thiền","","Bio quá ngắn hoặc trống",
"Kinh Triệu Bàn Long","","Bio quá ngắn hoặc trống",
"Gia Châu Đặng Khê","","Bio quá ngắn hoặc trống",
"Đặng Châu Trung Độ","","Bio quá ngắn hoặc trống",
"Phụng Tường Phủ Thanh Phong","","Bio quá ngắn hoặc trống",
"Hắc Thủy Tuệ Thông","","Bio quá ngắn hoặc trống",
"Kinh Triệu Ngọa Long","","Bio quá ngắn hoặc trống",
"Ô Nha Ngạn Tân","","Bio quá ngắn hoặc trống",
"Vĩnh An Thiện Tịnh","","Bio quá ngắn hoặc trống",
"An Phước Diên Hưu","","Bio quá ngắn hoặc trống",
"Tây Kinh Vân Nham","","Bio quá ngắn hoặc trống",
"Ích Châu Sơn Viện Giáp","","Bio quá ngắn hoặc trống",
"Tung Sơn Toàn","","Bio quá ngắn hoặc trống",
"Lãng Châu Kỳ Xà","","Bio quá ngắn hoặc trống",
"Việt Châu Việt Phong","","Bio quá ngắn hoặc trống",
"Lô Thiên Diên Khánh","","Bio quá ngắn hoặc trống",
"Thái Nguyên Tư Phước Đoan","","Bio quá ngắn hoặc trống",
"Cát Châu Tiên Cư","","Bio quá ngắn hoặc trống",
"Thiều Châu Đàm Phổ","","Bio quá ngắn hoặc trống",
"Ích Châu Thê Mục","","Bio quá ngắn hoặc trống",
"Vận Châu Tứ Thiền","","Bio quá ngắn hoặc trống",
"Ẩm Quang","","Bio quá ngắn hoặc trống",
"Ca Diếp Ba","","Bio quá ngắn hoặc trống",
"Ca Nhiếp Ba","","Bio quá ngắn hoặc trống",
"Đại Ca Diếp","","Bio quá ngắn hoặc trống",
"Ma Ha Ca Diếp","","Bio quá ngắn hoặc trống",
"Tây Thiên Thủ Truyền Ma Ha Ca Diếp Tôn Giả","","Bio quá ngắn hoặc trống",
"Thiền sư","","Bio quá ngắn hoặc trống",
"Hang Tân Bát La","","Bio quá ngắn hoặc trống",
"Núi Kê Túc Sơn","","Bio quá ngắn hoặc trống",
"Núi Kì Xà Quật","","Bio quá ngắn hoặc trống",
"Thành Vương Xá","","Bio quá ngắn hoặc trống",
"Truyền trao pháp tạng đầu tiên từ đức Phật","","Bio quá ngắn hoặc trống",
"Kết tập kinh điển lần thứ nhất","","Bio quá ngắn hoặc trống",
"Niêm Hoa Vi Tiếu","","Bio quá ngắn hoặc trống",
"A Nan","","Bio quá ngắn hoặc trống",
"Thích Ca Mâu Ni Phật","","Bio quá ngắn hoặc trống",
"Tung Sơn An Đức","","Bio quá ngắn hoặc trống",
"Nhĩ Tướng Hành Tu","","Bio quá ngắn hoặc trống",
"Ích Châu Hoài Quả","","Bio quá ngắn hoặc trống",
"Minh Thủy Hoài Trung","","Bio quá ngắn hoặc trống",
"Lô Thiên Đức Minh","","Bio quá ngắn hoặc trống",
"Vĩnh An Tuyết Phong","","Bio quá ngắn hoặc trống",
"Hồ Châu Thanh Tịnh","","Bio quá ngắn hoặc trống",
"Lộ Châu Huyền Vi","","Bio quá ngắn hoặc trống",
"Giang Châu Lô Sơn Nột","","Bio quá ngắn hoặc trống",
"Thập Tướng Thẩm Siêu","","Bio quá ngắn hoặc trống",
"Nam Nhạc Duy Kính","","Bio quá ngắn hoặc trống",
"Bảo Phước Siêu Ngộ","","Bio quá ngắn hoặc trống",
"Song Tuyền Lương Gia","","Bio quá ngắn hoặc trống",
"Phổ Thông Phổ Minh","","Bio quá ngắn hoặc trống",
"Triều Sơn Diên Tông","","Bio quá ngắn hoặc trống",
"Tân La Đại Vô Vy","","Bio quá ngắn hoặc trống",
"Đàm Châu Quy Sơn Thê","","Bio quá ngắn hoặc trống",
"Lạc Kinh Khế Hạc","","Bio quá ngắn hoặc trống",
"Cổ Điền Nguyên Nghiểm","","Bio quá ngắn hoặc trống",
"Cù Châu Nam Đài Nhân","","Bio quá ngắn hoặc trống",
"Phù Dung Như Thê","","Bio quá ngắn hoặc trống",
"Hàng Châu Long Tỉnh Thông","","Bio quá ngắn hoặc trống",
"Thiên Tông Hành Thao","","Bio quá ngắn hoặc trống",
"Thái Nguyên Phù","","Bio quá ngắn hoặc trống",
"Kính Thanh Đạo Phó","","Bio quá ngắn hoặc trống",
"Khê Sơn Chương","","Bio quá ngắn hoặc trống",
"Diên Phúc Tuệ Thăng","","Bio quá ngắn hoặc trống",
"Tịnh Từ Sư Nhất","","Bio quá ngắn hoặc trống",
"Triệt Thông Nghĩa Giới","","Bio quá ngắn hoặc trống",
"Thanh Phước Tâm An","","Bio quá ngắn hoặc trống",
"Thanh Liên Tâm Thiền","","Bio quá ngắn hoặc trống",
"Vân Ngoại Vân Tụ","","Bio quá ngắn hoặc trống",
"Chánh Bỉnh Vô Tướng","","Bio quá ngắn hoặc trống",
"Tính Định Tâm Châu","","Bio quá ngắn hoặc trống",
"Tâm Nghĩa Nhân Từ","","Bio quá ngắn hoặc trống",
"Đại Nghĩa Chí Hạo","","Bio quá ngắn hoặc trống",
"Tế Ngữ Chánh Dũng","","Bio quá ngắn hoặc trống",
"Tế Hẩu Khánh Liên","","Bio quá ngắn hoặc trống",
"Tế Duyên Quảng Giác","","Bio quá ngắn hoặc trống",
"Tế Căn Từ Chiếu","","Bio quá ngắn hoặc trống",
"Tế Dũng","","Bio quá ngắn hoặc trống",
"Tế Khoán Trừng Hưng","","Bio quá ngắn hoặc trống",
"Tế Ngạn Thanh Tùng","","Bio quá ngắn hoặc trống",
"Tế Thường An Dưỡng","","Bio quá ngắn hoặc trống",
"Tế Đài Khánh Thụy","","Bio quá ngắn hoặc trống",
"Tế Ý Hoằng Câu","","Bio quá ngắn hoặc trống",
"Tế Huyền Ứng Am","","Bio quá ngắn hoặc trống",
"Tế Quảng Phổ Chấn","","Bio quá ngắn hoặc trống",
"Đạo Xước","","Bio quá ngắn hoặc trống",
"Tây Hà Thiền Sư","","Bio quá ngắn hoặc trống",
"Thiền Sư","","Bio quá ngắn hoặc trống",
"Huyền Trung Tự","","Bio quá ngắn hoặc trống",
"Tinh Châu","","Bio quá ngắn hoặc trống",
"Vấn Thủy","","Bio quá ngắn hoặc trống",
"An Lạc Tập","","Bio quá ngắn hoặc trống",
"Tịnh Độ Luận","","Bio quá ngắn hoặc trống",
"Phát triển Tịnh Độ Tông","","Bio quá ngắn hoặc trống",
"Đạo Phủ","","Bio quá ngắn hoặc trống",
"Tăng Diễn","","Bio quá ngắn hoặc trống",
"Khai sáng Tịnh Độ Tông","","Bio quá ngắn hoặc trống",
"Đàm Loan","","Bio quá ngắn hoặc trống",
"Đàm Loan","","Bio quá ngắn hoặc trống",
"Vấn Thủy, Tinh Châu","","Bio quá ngắn hoặc trống",
"Vô Vi Nghĩa Tung","","Bio quá ngắn hoặc trống",
"Cửu Đảnh Từ Phổ","","Bio quá ngắn hoặc trống",
"Phổ Minh Đức Dụng","","Bio quá ngắn hoặc trống",
"Nam Minh Đạo Quảng","","Bio quá ngắn hoặc trống",
"Cao Am Viên Thanh","","Bio quá ngắn hoặc trống",
"Thị Giả Quả","","Bio quá ngắn hoặc trống",
"Diên Hồng Thiện","","Bio quá ngắn hoặc trống",
"Phổ Hiền Tiêu","","Bio quá ngắn hoặc trống",
"Quang Hóa Tường","","Bio quá ngắn hoặc trống",
"Liễu Minh","","Bio quá ngắn hoặc trống",
"Tịnh Nhân Khải","","Bio quá ngắn hoặc trống",
"Ca Tỳ La Vệ","","Bio quá ngắn hoặc trống",
"Hang Thất Diệp","","Bio quá ngắn hoặc trống",
"Sông Hằng","","Bio quá ngắn hoặc trống",
"Vườn Xoài","","Bio quá ngắn hoặc trống",
"Truyền trì kinh pháp","","Bio quá ngắn hoặc trống",
"Sáng lập giáo đoàn Tỳ Kheo Ni","","Bio quá ngắn hoặc trống",
"Xuất gia theo Phật","","Bio quá ngắn hoặc trống",
"Đề Bà Đạt Đa","","Bio quá ngắn hoặc trống",
"Đức Phật","","Bio quá ngắn hoặc trống",
"Ma Ha Ba Xà Ba Đề","","Bio quá ngắn hoặc trống",
"Mạt Điền Để Ca","","Bio quá ngắn hoặc trống",
"Thương Na Hòa Tu","","Bio quá ngắn hoặc trống",
"Ưu Ba Ly","","Bio quá ngắn hoặc trống",
"Vua A-xà-thế","","Bio quá ngắn hoặc trống",
"Vua Tỳ Xá Ly","","Bio quá ngắn hoặc trống",
"Miền trung du sông Hằng","","Bio quá ngắn hoặc trống",
"Nhạc Lộc Khuê","","Bio quá ngắn hoặc trống",
"Đạt Lượng Hưng Long","","Bio quá ngắn hoặc trống",
"Liễu Trí Huệ Nhựt","","Bio quá ngắn hoặc trống",
"Đạt Khoan Chánh An","","Bio quá ngắn hoặc trống",
"Đạt Thuyên Nhựt Chánh","","Bio quá ngắn hoặc trống",
"Song Lưu Úy Trì","","Bio quá ngắn hoặc trống",
"Phụng Tường Vô Cấu","","Bio quá ngắn hoặc trống",
"Nga Hồ Thiệu Thích","","Bio quá ngắn hoặc trống",
"Tuyết Giậu Chơn Phác","","Bio quá ngắn hoặc trống",
"Đại Xa Như Trường","","Bio quá ngắn hoặc trống",
"Bổn Quả Khoáng Viên","","Bio quá ngắn hoặc trống",
"Bổn Trú","","Bio quá ngắn hoặc trống",
"Bổn Lượng","","Bio quá ngắn hoặc trống",
"Tiếu Ông Diệu Trạm","","Bio quá ngắn hoặc trống",
"Tịnh Từ Văn","","Bio quá ngắn hoặc trống",
"Song Lâm Bằng","","Bio quá ngắn hoặc trống",
"Tuyên Châu Lạc Hà","","Bio quá ngắn hoặc trống",
"Dược Sơn Quỳ","","Bio quá ngắn hoặc trống",
"Kinh Nguyên Quang Lực","","Bio quá ngắn hoặc trống",
"Thứ Sử Lãng Châu Lý Cao","","Bio quá ngắn hoặc trống",
"Sư Tử Bồ Đề","","Bio quá ngắn hoặc trống",
"Sư Tử Tôn Giả","","Bio quá ngắn hoặc trống",
"Thiền sư","","Bio quá ngắn hoặc trống",
"Kế Tân","","Bio quá ngắn hoặc trống",
"Nam Thiên Trúc","","Bio quá ngắn hoặc trống",
"Tây Hải","","Bio quá ngắn hoặc trống",
"Truyền bá Phật giáo ở Bắc Ấn Độ","","Bio quá ngắn hoặc trống",
"Bị sát hại","","Bio quá ngắn hoặc trống",
"Trao pháp cho Bà Xá Tư Đa","","Bio quá ngắn hoặc trống",
"Đạt Ma Đạt","","Bio quá ngắn hoặc trống",
"Ba-lợi-ca","","Bio quá ngắn hoặc trống",
"Bà Xá","","Bio quá ngắn hoặc trống",
"Đô Lạc Già","","Bio quá ngắn hoặc trống",
"Ma Mục Đa","","Bio quá ngắn hoặc trống",
"Quang Thủ","","Bio quá ngắn hoặc trống",
"Trưởng giả","","Bio quá ngắn hoặc trống",
"Tư Đa","","Bio quá ngắn hoặc trống",
"Liễu Năng Ðức Chất","","Bio quá ngắn hoặc trống",
"Nam Hoa Minh","","Bio quá ngắn hoặc trống",
"Long Vương Vân","","Bio quá ngắn hoặc trống",
"Song Tuyền Nguyệt","","Bio quá ngắn hoặc trống",
"Long Trì Dự","","Bio quá ngắn hoặc trống",
"Thiên Ninh Kha","","Bio quá ngắn hoặc trống",
"Kim Sơn Kiên","","Bio quá ngắn hoặc trống",
"Diệu Phong Vân","","Bio quá ngắn hoặc trống",
"Uẩn Không Thường Trung","","Bio quá ngắn hoặc trống",
"Bạch Vân Vô Hưu","","Bio quá ngắn hoặc trống",
"Phước Thanh Sư Nguy","","Bio quá ngắn hoặc trống",
"Hồng Châu Lặc Đàm Ngộ","","Bio quá ngắn hoặc trống",
"Hòa Sơn Ngũ Âm","","Bio quá ngắn hoặc trống",
"Kính Sơn Như Diễm","","Bio quá ngắn hoặc trống",
"Hà trung","","Bio quá ngắn hoặc trống",
"Kim Địa","","Bio quá ngắn hoặc trống",
"Ma Thiền Đề","","Bio quá ngắn hoặc trống",
"Mạt Đàn Địa","","Bio quá ngắn hoặc trống",
"Mạt Điền","","Bio quá ngắn hoặc trống",
"Mạt Điền Đạc Ca","","Bio quá ngắn hoặc trống",
"Mạt Điền Đề","","Bio quá ngắn hoặc trống",
"Mạt Điền Để Ca","","Bio quá ngắn hoặc trống",
"Mạt Điền Địa","","Bio quá ngắn hoặc trống",
"Mạt Điền Địa Na","","Bio quá ngắn hoặc trống",
"Mạt Xiển Đề","","Bio quá ngắn hoặc trống",
"Nhật trung","","Bio quá ngắn hoặc trống",
"Thiền sư","","Bio quá ngắn hoặc trống",
"Thủy trung","","Bio quá ngắn hoặc trống",
"Trung","","Bio quá ngắn hoặc trống",
"Đà Phả La","","Bio quá ngắn hoặc trống",
"Truyền bá Phật pháp tại Ca Thấp Di La","","Bio quá ngắn hoặc trống",
"Thụ giới và chứng quả A La Hán ở sông Hằng","","Bio quá ngắn hoặc trống",
"Truyền bá Phật pháp ở Ca Thấp Di La, hàng phục Long Vương và thuyết giảng Kinh Độc Thí Dụ","","Bio quá ngắn hoặc trống",
"Ma Ha Ca Diếp","","Bio quá ngắn hoặc trống",
"Tôn Giả A Nan","","Bio quá ngắn hoặc trống",
"Ưu Bà Cúc Đa","","Bio quá ngắn hoặc trống",
"Ưu Ba Cúc Đa","","Bio quá ngắn hoặc trống",
"Vua A Dục","","Bio quá ngắn hoặc trống",
"Ấn Độ","","Bio quá ngắn hoặc trống",
"Thanh Dương Thông Huyền","","Bio quá ngắn hoặc trống",
"Thiều Châu Tây Hồ","","Bio quá ngắn hoặc trống",
"Thư Châu Bạch Thủy","","Bio quá ngắn hoặc trống",
"Đàm Châu Văn Thù","","Bio quá ngắn hoặc trống",
"Ích Châu Bạch","","Bio quá ngắn hoặc trống",
"Thiên Đồng Hàm Khải","","Bio quá ngắn hoặc trống",
"Minh Châu Thiên Đồng Nghĩa","","Bio quá ngắn hoặc trống",
"Tân La Kim Tạng","","Bio quá ngắn hoặc trống",
"Thái Nguyên Tư Thánh Phương","","Bio quá ngắn hoặc trống",
"Thanh Lâm Sư Kiền","","Bio quá ngắn hoặc trống",
"Tổ Ấn Cư Nạp","","Bio quá ngắn hoặc trống",
"Thiệt Diệu Chánh Hiền","","Bio quá ngắn hoặc trống",
"Thiệt Lãm Chí Kiên","","Bio quá ngắn hoặc trống",
"Thiệt Thể Triêm Ân","","Bio quá ngắn hoặc trống",
"Thiệt Hội Viên Quang","","Bio quá ngắn hoặc trống",
"Thiên Đồng Thanh Toại","","Bio quá ngắn hoặc trống",
"Đại Nguyệt Linh Chiếu","","Bio quá ngắn hoặc trống",
"Tánh Huệ Nhất Nguyên","","Bio quá ngắn hoặc trống",
"Tánh Tịnh Nhất Xương","","Bio quá ngắn hoặc trống",
"Tánh Toàn Nhất Thể","","Bio quá ngắn hoặc trống",
"Bắc Giang","","Bio quá ngắn hoặc trống",
"Hồ Đường","","Bio quá ngắn hoặc trống",
"Lượng trưởng lão","","Bio quá ngắn hoặc trống",
"Nhượng","","Bio quá ngắn hoặc trống",
"Đạo Nguyên Viên Dung","","Bio quá ngắn hoặc trống",
"Đức Phong Tiến Thịnh","","Bio quá ngắn hoặc trống",
"Thanh Viên Nhân Từ","","Bio quá ngắn hoặc trống",
"Đức Bản Tiến Thông","","Bio quá ngắn hoặc trống",
"Phương Lai Xương Viễn","","Bio quá ngắn hoặc trống",
"Hoát Ngộ Long Tham","","Bio quá ngắn hoặc trống",
"Thiên Vương Tạng Chủ Thông","","Bio quá ngắn hoặc trống",
"Tiến Phước Trăn","","Bio quá ngắn hoặc trống",
"Báo Ân Thông","","Bio quá ngắn hoặc trống",
"Ngưỡng Sơn Quý","","Bio quá ngắn hoặc trống",
"Ô Cự Như Ý","","Bio quá ngắn hoặc trống",
"Phật Tường Đức Liên","","Bio quá ngắn hoặc trống",
"Phật Thiền Hoa Nghiêm","","Bio quá ngắn hoặc trống",
"Phật Bảo Pháp Hóa","","Bio quá ngắn hoặc trống",
"Trường Viễn","","Bio quá ngắn hoặc trống",
"Thiên Nham Nguyên Trường","","Bio quá ngắn hoặc trống",
"Thiệt Kiến Liễu Triệt","","Bio quá ngắn hoặc trống",
"Tế Trí Hữu Phỉ","","Bio quá ngắn hoặc trống",
"Thiệt Tâm Thiện Trực","","Bio quá ngắn hoặc trống",
"Trung Phong Minh Bổn","","Bio quá ngắn hoặc trống",
"Cao Phong Nguyên Diệu","","Bio quá ngắn hoặc trống",
"Thiên Mục Duy Tắc","","Bio quá ngắn hoặc trống",
"Đinh Bảo Phong Trí","","Bio quá ngắn hoặc trống",
"Giới Hải Vĩnh Từ","","Bio quá ngắn hoặc trống",
"Tông Thiền Bản Thụy","","Bio quá ngắn hoặc trống",
"Tế Tín Chánh Trực","","Bio quá ngắn hoặc trống",
"Tế Triệt Giác Nguyên","","Bio quá ngắn hoặc trống",
"Thiệt Thoại Tánh Tường","","Bio quá ngắn hoặc trống",
"Phật Chí Đức Hạnh","","Bio quá ngắn hoặc trống",
"Thừa Tướng Vương Tùy","","Bio quá ngắn hoặc trống",
"Thiết Phật Trí Trung","","Bio quá ngắn hoặc trống",
"Liễu Diệu Chánh Quang","","Bio quá ngắn hoặc trống",
"Toàn Nghĩa Chơn Thường","","Bio quá ngắn hoặc trống",
"Toàn Ðức Thiệu Long","","Bio quá ngắn hoặc trống",
"Toàn Đạo Mật Hạnh","","Bio quá ngắn hoặc trống",
"Toàn Thiện Đức Hoằng","","Bio quá ngắn hoặc trống",
"Lưu Thiết Ma","","Bio quá ngắn hoặc trống",
"Đại Hồng Trí","","Bio quá ngắn hoặc trống",
"Tây Thiền Viễn","","Bio quá ngắn hoặc trống",
"Đại Dương Ðán","","Bio quá ngắn hoặc trống",
"Thiện Quang Tấn","","Bio quá ngắn hoặc trống",
"Tôn Giả Hạc Lặc Na","","Bio quá ngắn hoặc trống",
"Đà Đô","","Bio quá ngắn hoặc trống",
"Nguyệt Chi","","Bio quá ngắn hoặc trống",
"Rừng Ấn Độ","","Bio quá ngắn hoặc trống",
"Truyền pháp Thiền Tông","","Bio quá ngắn hoặc trống",
"Truyền tâm ấn","","Bio quá ngắn hoặc trống",
"Xuất gia","","Bio quá ngắn hoặc trống",
"Kim Quang","","Bio quá ngắn hoặc trống",
"Thiên Thắng","","Bio quá ngắn hoặc trống",
"Vô Úy Hải","","Bio quá ngắn hoặc trống",
"Đơn Hà Tuệ Cần","","Bio quá ngắn hoặc trống",
"Lục Hợp Đại Ẩn","","Bio quá ngắn hoặc trống",
"Văn Thù Ứng Chân","","Bio quá ngắn hoặc trống",
"Đức Sơn Duyên Mật","","Bio quá ngắn hoặc trống",
"TT Đức Nguyên Tiến Đạt","","Bio quá ngắn hoặc trống",
"Chương Vạn Quảng Ðộ","","Bio quá ngắn hoặc trống",
"Chương Nguyệt Long Tạng","","Bio quá ngắn hoặc trống",
"Pháp Nhân Thiên Trường","","Bio quá ngắn hoặc trống",
"Dục Vương Đại Quan","","Bio quá ngắn hoặc trống",
"Thiền sư","","Bio quá ngắn hoặc trống",
"Hoa Thị Thành","","Bio quá ngắn hoặc trống",
"Ma Kiệt Đà","","Bio quá ngắn hoặc trống",
"Truyền bá Phật pháp khắp miền Tây Ấn","","Bio quá ngắn hoặc trống",
"Độ Long Thọ và 500 đại long xuất gia","","Bio quá ngắn hoặc trống",
"Được thái tử Vân Tự Tại mời vào cung","","Bio quá ngắn hoặc trống",
"Gặp Ngài Mã Minh và chứng ngộ chân lý","","Bio quá ngắn hoặc trống",
"Tiến đến hang đá gặp rắn và ông già","","Bio quá ngắn hoặc trống",
"Long Thọ","","Bio quá ngắn hoặc trống",
"Vân Tự Tại","","Bio quá ngắn hoặc trống",
"Trần Châu Linh Thông","","Bio quá ngắn hoặc trống",
"Lương Sơn Duyên Quán","","Bio quá ngắn hoặc trống",
"Hoa Tạng Tuệ Tộ","","Bio quá ngắn hoặc trống",
"Đông Cốc Minh Quang","","Bio quá ngắn hoặc trống",
"Tuyết Đậu Hoán","","Bio quá ngắn hoặc trống",
"Trượng Tích Sùng Kiên","","Bio quá ngắn hoặc trống",
"Tuyết Đậu Đức Vân","","Bio quá ngắn hoặc trống",
"Đạo Sinh Minh Đạt","","Bio quá ngắn hoặc trống",
"Định Lâm Cảnh Phượng","","Bio quá ngắn hoặc trống",
"Kim Lăng Pháp Trì","","Bio quá ngắn hoặc trống",
"Thiền sư","","Bio quá ngắn hoặc trống",
"Trương","","Bio quá ngắn hoặc trống",
"Diên Tộ Tự","","Bio quá ngắn hoặc trống",
"Kim Lăng","","Bio quá ngắn hoặc trống",
"Hoằng dương tông phong Ngưu Đầu Tông","","Bio quá ngắn hoặc trống",
"Kế thừa môn phong Ngưu Đầu Tông","","Bio quá ngắn hoặc trống",
"Tham lễ Hoằng Nhẫn Đại Sư","","Bio quá ngắn hoặc trống",
"Tham vấn Thiền Sư Huệ Phương","","Bio quá ngắn hoặc trống",
"Xuất gia","","Bio quá ngắn hoặc trống",
"Giang Ninh","","Bio quá ngắn hoặc trống",
"Thuần Kiệt Tánh Khuê","","Bio quá ngắn hoặc trống",
"Đoan Húc Như Hoằng","","Bio quá ngắn hoặc trống",
"Từ Vân Hải Tuấn","","Bio quá ngắn hoặc trống",
"Lộc Môn Tự Giác","","Bio quá ngắn hoặc trống",
"Thiên Đồng Như Tịnh","","Bio quá ngắn hoặc trống",
"Cô Thiềm Oánh","","Bio quá ngắn hoặc trống",
"Thạch Lâm Tú","","Bio quá ngắn hoặc trống",
"Phục Ngưu Nguyên Thông","","Bio quá ngắn hoặc trống",
"Các Châu Thự Sơn","","Bio quá ngắn hoặc trống",
"Pháp Hiền","","Bio quá ngắn hoặc trống",
"Tôn Giả Xà Dạ Đa","","Bio quá ngắn hoặc trống",
"La Duyệt","","Bio quá ngắn hoặc trống",
"Miền Bắc Thiên Trúc","","Bio quá ngắn hoặc trống",
"Truyền pháp Thiền Tông Ấn Độ","","Bio quá ngắn hoặc trống",
"Đông Dương Huyền Sách","","Bio quá ngắn hoặc trống",
"Tịnh Nhân Kế Thành","","Bio quá ngắn hoặc trống",
"Thần Quang Ðạo Tân","","Bio quá ngắn hoặc trống",
"Trường Lô Tuệ Ngộ","","Bio quá ngắn hoặc trống",
"U Nham Tử Vịnh","","Bio quá ngắn hoặc trống",
"Long Tường Ðạo Huy","","Bio quá ngắn hoặc trống",
"Thọ Sơn Ðức Sơ","","Bio quá ngắn hoặc trống",
"Năng Nhân Sùng Thọ","","Bio quá ngắn hoặc trống",
"Thượng Lam Tổ Khanh","","Bio quá ngắn hoặc trống",
"Chương Trang Quảng Chấn","","Bio quá ngắn hoặc trống",
"Bách Trượng Cổ Thanh Quy","","Bio quá ngắn hoặc trống",
"Hoa Lâm Giác","","Bio quá ngắn hoặc trống",
"Phúc Châu Đại An","","Bio quá ngắn hoặc trống",
"Cổ Linh Thần Tán","","Bio quá ngắn hoặc trống",
"Hoàng Bá Hy Vận","","Bio quá ngắn hoặc trống",
"Luật sư Pháp Triều","","Bio quá ngắn hoặc trống",
"Mã Tổ Đạo Nhất","","Bio quá ngắn hoặc trống",
"Tây Sơn Huệ Chiếu","","Bio quá ngắn hoặc trống",
"Luật sư Pháp Triều","","Bio quá ngắn hoặc trống",
"Tây Sơn Huệ Chiếu","","Bio quá ngắn hoặc trống",
"Thạch Môn Tuệ Triệt","","Bio quá ngắn hoặc trống",
"Tương Châu Thạch Môn Hiến","","Bio quá ngắn hoặc trống",
"Linh Trúc Thủ Trân","","Bio quá ngắn hoặc trống",
"Thạch Môn Thiệu Viễn","","Bio quá ngắn hoặc trống",
"Vô Minh Tuệ Kinh","","Bio quá ngắn hoặc trống",
"Tùy Châu Sùng Bảo","","Bio quá ngắn hoặc trống",
"Tương Châu Huệ Viễn","","Bio quá ngắn hoặc trống",
"Lỗ Châu Thiện Lai","","Bio quá ngắn hoặc trống",
"Vân Cư Thanh Tích","","Bio quá ngắn hoặc trống",
"Pháp Tế Hải Thiềm","","Bio quá ngắn hoặc trống",
"Tịnh Chúng Tiên","","Bio quá ngắn hoặc trống",
"Long Hoa Tề Nhạc","","Bio quá ngắn hoặc trống",
"Đột Không Trí Bản","","Bio quá ngắn hoặc trống",
"Vô Tận Tuệ Hải","","Bio quá ngắn hoặc trống",
"Bích Thiên Thanh Không","","Bio quá ngắn hoặc trống",
"Vô Huyễn Tịnh Xung","","Bio quá ngắn hoặc trống",
"Bạch Vân Không Độ","","Bio quá ngắn hoặc trống",
"Nguyệt Khê Diệu Trừng","","Bio quá ngắn hoặc trống",
"Di Phong Kính Ninh","","Bio quá ngắn hoặc trống",
"Vô Tận Tuệ Hải","","Bio quá ngắn hoặc trống",
"Vô Huyễn Tịnh Xung","","Bio quá ngắn hoặc trống",
"Phương Sơn Tuệ Bảo","","Bio quá ngắn hoặc trống",
"Đoạn Kiều Diệu Luân","","Bio quá ngắn hoặc trống",
"Bích Phong Tánh Kim","","Bio quá ngắn hoặc trống",
"Chánh Truyền Huyễn Hữu","","Bio quá ngắn hoặc trống",
"Ca Na Đề Bà","","Bio quá ngắn hoặc trống",
"Độc Nhãn Bồ Tát","","Bio quá ngắn hoặc trống",
"Phiến Mục Đề Bà","","Bio quá ngắn hoặc trống",
"Thánh Đề Bà","","Bio quá ngắn hoặc trống",
"Thánh Thiên","","Bio quá ngắn hoặc trống",
"Thiền sư","","Bio quá ngắn hoặc trống",
"Ba Liên Phất","","Bio quá ngắn hoặc trống",
"Na Lan Đà","","Bio quá ngắn hoặc trống",
"Raṅganātha, Kiến Chí (kāñcī)","","Bio quá ngắn hoặc trống",
"Tỳ La","","Bio quá ngắn hoặc trống",
"Bách Luận (śataśāstra)","","Bio quá ngắn hoặc trống",
"Tứ bách luận (catuḥśataka)","","Bio quá ngắn hoặc trống",
"Dương cao cây kiếm phá tà và điều phục ngoại đạo","","Bio quá ngắn hoặc trống",
"Thành lập nhiều tu viện ở Trung Ấn và Bắc Ấn","","Bio quá ngắn hoặc trống",
"Bị ngoại đạo giết chết","","Bio quá ngắn hoặc trống",
"Móc mắt cúng dường tượng Đại Tự Tại Thiên","","Bio quá ngắn hoặc trống",
"Tranh luận và thắng Dhurdhasakala tại Na Lan Đà","","Bio quá ngắn hoặc trống",
"La Hầu La Đa","","Bio quá ngắn hoặc trống",
"Phạm Ma Tịnh Đức","","Bio quá ngắn hoặc trống",
"Long Thọ","","Bio quá ngắn hoặc trống",
"Song Tuyền Nhân Úc","","Bio quá ngắn hoặc trống",
"Tín Châu Khang Quốc Diệu","","Bio quá ngắn hoặc trống",
"Quân Châu Động Sơn Lẫm","","Bio quá ngắn hoặc trống",
"Giang Châu Khánh Vân Chân","","Bio quá ngắn hoặc trống",
"Song Phong Tuệ Chân","","Bio quá ngắn hoặc trống",
"Tín Châu Tây Thiền Khâm","","Bio quá ngắn hoặc trống",
"Mi Châu Phước Hóa Quang","","Bio quá ngắn hoặc trống",
"Lô Châu Bắc Thiên Vương Vi","","Bio quá ngắn hoặc trống",
"Ba Tiêu Hoằng Nghĩa","","Bio quá ngắn hoặc trống",
"Đông Thiên Vương Quảng Từ","","Bio quá ngắn hoặc trống",
"Bảo An Sư Mật","","Bio quá ngắn hoặc trống",
"Hồng Châu Vân Cư Dung","","Bio quá ngắn hoặc trống",
"Khai Tiên Thanh Diệu","","Bio quá ngắn hoặc trống",
"Phụng Quốc Thanh Hải","","Bio quá ngắn hoặc trống",
"Nga Hồ Vân Chấn","","Bio quá ngắn hoặc trống",
"Thiều Châu Đại Phạm Viên","","Bio quá ngắn hoặc trống",
"Dược Sơn Viên Quang","","Bio quá ngắn hoặc trống",
"Thiều Châu Từ Quang","","Bio quá ngắn hoặc trống",
"Thiều Châu Đăng Phong","","Bio quá ngắn hoặc trống",
"Đại Thánh Thủ Hiền","","Bio quá ngắn hoặc trống",
"Lộ Phủ Diệu Thắng Trăn","","Bio quá ngắn hoặc trống",
"Hưng Nguyên Phổ Thông Phong","","Bio quá ngắn hoặc trống",
"Hồ Nam Vĩnh An Lãng","","Bio quá ngắn hoặc trống",
"Hồ Nam Đàm Vinh","","Bio quá ngắn hoặc trống",
"Kim Lăng Thanh Lương Minh","","Bio quá ngắn hoặc trống",
"Đơn Châu Bắc Thiền Tịch","","Bio quá ngắn hoặc trống",
"Lặc Đàm Đạo Khiêm","","Bio quá ngắn hoặc trống",
"Nam Thiên Vương Vĩnh Bình","","Bio quá ngắn hoặc trống",
"Động Sơn Thanh Bẩm","","Bio quá ngắn hoặc trống",
"La Hán Uông Quả","","Bio quá ngắn hoặc trống",
"Lãng Châu Thương Khê Lân","","Bio quá ngắn hoặc trống",
"Hoàng Bá Pháp Tế","","Bio quá ngắn hoặc trống",
"Tây Xuyên Thanh Thành Thừa","","Bio quá ngắn hoặc trống",
"Bát Nhã Khải Nhu","","Bio quá ngắn hoặc trống",
"Tương Châu Cốc Sơn Phong","","Bio quá ngắn hoặc trống",
"Anh Châu Quán Âm","","Bio quá ngắn hoặc trống",
"Song Tuyền Sư Khoan","","Bio quá ngắn hoặc trống",
"Lâm Khê Cảnh Thoát","","Bio quá ngắn hoặc trống",
"Quảng Châu Hoa Nghiêm Tuệ","","Bio quá ngắn hoặc trống",
"Thiều Châu Vân Môn Bảo","","Bio quá ngắn hoặc trống",
"Anh Châu Đại Dung Yên","","Bio quá ngắn hoặc trống",
"Địa Tạng Tuệ Từ","","Bio quá ngắn hoặc trống",
"Thiều Châu Thuấn Phong Thiều","","Bio quá ngắn hoặc trống",
"Quảng Châu La Sơn Sùng","","Bio quá ngắn hoặc trống",
"Thiều Châu Ôn Môn Mãn","","Bio quá ngắn hoặc trống",
"Thiều Châu Tịnh Pháp Chương","","Bio quá ngắn hoặc trống",
"Thiều Châu Vân Môn Hy","","Bio quá ngắn hoặc trống",
"Thiều Châu Bạch Vân Văn","","Bio quá ngắn hoặc trống",
"Quảng Châu Long Cảnh Luân","","Bio quá ngắn hoặc trống",
"Thiều Châu Vân Môn Sảng","","Bio quá ngắn hoặc trống",
"Thiều Châu Tư Phước","","Bio quá ngắn hoặc trống",
"Nam Đài Đạo Tuân","","Bio quá ngắn hoặc trống",
"Song Phong Cảnh Khâm","","Bio quá ngắn hoặc trống",
"Phi Vân Trí Tịch","","Bio quá ngắn hoặc trống",
"Thiều Châu Bạch Vân Tường","","Bio quá ngắn hoặc trống",
"Quảng Châu Quảng Vân Nguyên","","Bio quá ngắn hoặc trống",
"Tương Đàm Minh","","Bio quá ngắn hoặc trống",
"Ba Lăng Hạo Giám","","Bio quá ngắn hoặc trống",
"Hương Lâm Trừng Viễn","","Bio quá ngắn hoặc trống",
"Động Sơn Tông Huệ Thủ Sơ","","Bio quá ngắn hoặc trống",
"Phụng Tiên Đạo Thâm","","Bio quá ngắn hoặc trống",
"Chất Sanh Tịch Văn","","Bio quá ngắn hoặc trống",
"Đoan Viên Chiếu Hóa","","Bio quá ngắn hoặc trống",
"Duy Siêu Năng Xán","","Bio quá ngắn hoặc trống",
"Cơ Lượng Nhân Phồn","","Bio quá ngắn hoặc trống",
"Ngưỡng Sơn Lương Cúng","","Bio quá ngắn hoặc trống",
"Thúy Nham Tông Tỉnh","","Bio quá ngắn hoặc trống",
"Giác Lĩnh Hiển Thông","","Bio quá ngắn hoặc trống",
"Thanh Kim Quang Diễm","","Bio quá ngắn hoặc trống",
"Thanh Tín Ứng Nghiệm","","Bio quá ngắn hoặc trống",
"Thanh Quang Thường Doanh","","Bio quá ngắn hoặc trống",
"Thanh Nhàn Quảng Lãm","","Bio quá ngắn hoặc trống",
"Thanh Lương Tổng Quy","","Bio quá ngắn hoặc trống",
"Thanh Tâm Diệu Ứng","","Bio quá ngắn hoặc trống",
"Thanh Phước Như Lâm","","Bio quá ngắn hoặc trống",
"Hải Trân Thoại Uyển","","Bio quá ngắn hoặc trống",
"Hải An Bảo Thuận","","Bio quá ngắn hoặc trống",
"Thanh Nguyên Tiên Giảng","","Bio quá ngắn hoặc trống",
"Hải Từ Tâm Chánh","","Bio quá ngắn hoặc trống",
"Khế Vi","","Bio quá ngắn hoặc trống",
"Ma Nô La","","Bio quá ngắn hoặc trống",
"Ma Noa La","","Bio quá ngắn hoặc trống",
"Manorhita","","Bio quá ngắn hoặc trống",
"摩拏羅","","Bio quá ngắn hoặc trống",
"Thiền sư","","Bio quá ngắn hoặc trống",
"Na Đề","","Bio quá ngắn hoặc trống",
"Tây Ấn Độ","","Bio quá ngắn hoặc trống",
"Gặp tổ Bà Tu","","Bio quá ngắn hoặc trống",
"Giải thích tháp vua Đắc Độ","","Bio quá ngắn hoặc trống",
"Hương dẫn Hạc Lặc Na","","Bio quá ngắn hoặc trống",
"Thiên hóa","","Bio quá ngắn hoặc trống",
"Bảo Ấn","","Bio quá ngắn hoặc trống",
"Đắc Độ","","Bio quá ngắn hoặc trống",
"Long Tử","","Bio quá ngắn hoặc trống",
"Thường Tự Tại","","Bio quá ngắn hoặc trống",
"Như Quý Pháp Ấn","","Bio quá ngắn hoặc trống",
"Như Bửu Đạt Thanh","","Bio quá ngắn hoặc trống",
"Như Đạt Thiện Cang","","Bio quá ngắn hoặc trống",
"Như Đắc Từ Nhẫn","","Bio quá ngắn hoặc trống",
"Minh Khiêm Hoằng Ân","","Bio quá ngắn hoặc trống",
"Minh Lý Quảng An","","Bio quá ngắn hoặc trống",
"Huệ Khả","","Bio quá ngắn hoặc trống",
"Tăng Khả","","Bio quá ngắn hoặc trống",
"Thần Quang","","Bio quá ngắn hoặc trống",
"Thiền sư","","Bio quá ngắn hoặc trống",
"Ẩn cư tại Hoàn Công Sơn","","Bio quá ngắn hoặc trống",
"Tham học Bồ Đề Đạt Ma tại Thiếu Lâm Tự","","Bio quá ngắn hoặc trống",
"Trao truyền pháp cho Tăng Xán","","Bio quá ngắn hoặc trống",
"Xuất gia tại Vĩnh Mục Tự","","Bio quá ngắn hoặc trống",
"Võ Lao, Lạc Dương, Hà Nam","","Bio quá ngắn hoặc trống",
"Kinh đô Nghiệp, Hà Nam","","Bio quá ngắn hoặc trống",
"Thai Châu Bạch Vân Nãi","","Bio quá ngắn hoặc trống",
"Phước Châu Báo Quốc Chiếu","","Bio quá ngắn hoặc trống",
"Trấn Cảnh Ngộ Duyên","","Bio quá ngắn hoặc trống",
"Công Thần Đạo Nhàn","","Bio quá ngắn hoặc trống",
"Lục Thông Chí Cầu","","Bio quá ngắn hoặc trống",
"Đoan Nghiêm Sư Tấn","","Bio quá ngắn hoặc trống",
"Hàng Châu Vân Long Quy","","Bio quá ngắn hoặc trống",
"Tịnh Từ Cư Giản","","Bio quá ngắn hoặc trống",
"Ngạc Châu Linh Trúc","","Bio quá ngắn hoặc trống",
"Vân Môn Hải Án","","Bio quá ngắn hoặc trống",
"Ðồng Ðiển","","Bio quá ngắn hoặc trống",
"Ôn Châu Cảnh Phong","","Bio quá ngắn hoặc trống",
"Động Sơn Quy Đoan","","Bio quá ngắn hoặc trống",
"Tư Phước Trí Viễn","","Bio quá ngắn hoặc trống",
"Nam Thiền Ngộ Duyên","","Bio quá ngắn hoặc trống",
"Thanh Hóa Sư Nột","","Bio quá ngắn hoặc trống",
"Sở Châu Quán Âm Bân","","Bio quá ngắn hoặc trống",
"Nam Nhạc Hoàng Long","","Bio quá ngắn hoặc trống",
"Thụy Phong Thần Lộc","","Bio quá ngắn hoặc trống",
"Hồng Châu Đại Ninh Nạp","","Bio quá ngắn hoặc trống",
"Tín Châu Nga Hồ Thiều","","Bio quá ngắn hoặc trống",
"Đại Ninh Hải Nhất","","Bio quá ngắn hoặc trống",
"Thị Thượng Bảo Phước","","Bio quá ngắn hoặc trống",
"Thị Trình","","Bio quá ngắn hoặc trống",
"Thị Long","","Bio quá ngắn hoặc trống",
"Dược Lâm Thạch Quan","","Bio quá ngắn hoặc trống",
"Đại Hồng Tổ Chứng","","Bio quá ngắn hoặc trống",
"Lão Na Từ Đăng Đại Hoằng","","Bio quá ngắn hoặc trống",
"Vô Môn Huệ Khai","","Bio quá ngắn hoặc trống",
"Dược Lâm Thạch Quan","","Bio quá ngắn hoặc trống",
"Bách Trượng Sơn Đại Trí Thọ Thánh Thiền Tự","","Bio quá ngắn hoặc trống",
"Đại Hùng Sơn, Huyện Phụng Tân, Hồng Châu","","Bio quá ngắn hoặc trống",
"Lô Giang, An Huy","","Bio quá ngắn hoặc trống",
"Nam Nhạc","","Bio quá ngắn hoặc trống",
"Trường Lạc, Phúc Châu","","Bio quá ngắn hoặc trống",
"Bà Tâu Bàn Đâu","","Bio quá ngắn hoặc trống",
"Bà Tu Bàn Đà","","Bio quá ngắn hoặc trống",
"Bà Tu Bàn Đâu","","Bio quá ngắn hoặc trống",
"Hoa Tu Bàn Đâu","","Bio quá ngắn hoặc trống",
"Phat Tô Bàn Đô","","Bio quá ngắn hoặc trống",
"Phiệt Tô Bạn Đồ","","Bio quá ngắn hoặc trống",
"婆修盤頭","","Bio quá ngắn hoặc trống",
"Thế Thân","","Bio quá ngắn hoặc trống",
"Thiền sư","","Bio quá ngắn hoặc trống",
"Thiên Thân","","Bio quá ngắn hoặc trống",
"La Duyệt Thành","","Bio quá ngắn hoặc trống",
"Hóa độ chúng sinh","","Bio quá ngắn hoặc trống",
"Đắc pháp","","Bio quá ngắn hoặc trống",
"Hành hóa tại Na Đề","","Bio quá ngắn hoặc trống",
"Xuất gia","","Bio quá ngắn hoặc trống",
"Hiền Chúng","","Bio quá ngắn hoặc trống",
"Ma Ha La","","Bio quá ngắn hoặc trống",
"Nghiêm Nhất","","Bio quá ngắn hoặc trống",
"Quang Cái","","Bio quá ngắn hoặc trống",
"Quang Độ","","Bio quá ngắn hoặc trống",
"Tỳ Bà Ha","","Bio quá ngắn hoặc trống",
"Vô Chuẩn Sư Phạm","","Bio quá ngắn hoặc trống",
"Đại Trì Phước Khánh","","Bio quá ngắn hoặc trống",
"Đại Bồ Thiện Đề","","Bio quá ngắn hoặc trống",
"Đại Phước Liễu Tánh","","Bio quá ngắn hoặc trống",
"Đại Hạnh Phổ Hiền","","Bio quá ngắn hoặc trống",
"Thao Xảo Thông Thánh","","Bio quá ngắn hoặc trống",
"Kỳ Ngạn Phổ Minh","","Bio quá ngắn hoặc trống",
"Ngộ Tu Tâm Không","","Bio quá ngắn hoặc trống",
"Nhữ Châu Bảo Ứng","","Bio quá ngắn hoặc trống",
"Ích Châu Vô Tướng","","Bio quá ngắn hoặc trống",
"ĐS Thừa Viễn","","Bio quá ngắn hoặc trống",
"Hải Bình Bảo Tạng","","Bio quá ngắn hoặc trống",
"Hải Lưu Mật Niệm","","Bio quá ngắn hoặc trống",
"Hoàng Bá Sơn","","Bio quá ngắn hoặc trống",
"Đức Thiền Nhân Hội","","Bio quá ngắn hoặc trống",
"Tiến Phước Diễn","","Bio quá ngắn hoặc trống",
"Phổ Chiếu Sung","","Bio quá ngắn hoặc trống",
"Trí Môn Nhã","","Bio quá ngắn hoặc trống",
"Dương Châu Đại Nham Bạch","","Bio quá ngắn hoặc trống",
"Thọ Xương Tịnh Tịch","","Bio quá ngắn hoặc trống",
"Quế Dương Chí Thông","","Bio quá ngắn hoặc trống",
"Thiểm Châu Long Thê","","Bio quá ngắn hoặc trống",
"Mộc Bình Thiện Đạo","","Bio quá ngắn hoặc trống",
"Vĩnh An Tịnh Ngộ","","Bio quá ngắn hoặc trống",
"Hoành Hóa Nguyên Ngộ","","Bio quá ngắn hoặc trống",
"Thanh Chư Mật Nghĩa","","Bio quá ngắn hoặc trống",
"TT Thích Ðồng Trung","","Bio quá ngắn hoặc trống",
"Đỉnh Phong Quả Thành","","Bio quá ngắn hoặc trống",
"Diệu Liên Thánh Hóa","","Bio quá ngắn hoặc trống",
"Thiện Từ Thường Khai","","Bio quá ngắn hoặc trống",
"Thiền sư","","Bio quá ngắn hoặc trống",
"Upagupta","","Bio quá ngắn hoặc trống",
"優婆毱多","","Bio quá ngắn hoặc trống",
"Ma Đột La (Mathura)","","Bio quá ngắn hoặc trống",
"Dạy vua A Dục xây tháp cúng dường","","Bio quá ngắn hoặc trống",
"Giáo hoá và độ nhiều người","","Bio quá ngắn hoặc trống",
"Chứng quả Tu Đà Hoàn và A Na Hàm","","Bio quá ngắn hoặc trống",
"Gia nhập Tăng đoàn","","Bio quá ngắn hoặc trống",
"Hoằng hoá pháp","","Bio quá ngắn hoặc trống",
"Hương Chúng","","Bio quá ngắn hoặc trống",
"Ma Ba Tuần","","Bio quá ngắn hoặc trống",
"Thiện Ý","","Bio quá ngắn hoặc trống",
"Ma Đột La","","Bio quá ngắn hoặc trống",
"Bảo An Siêu","","Bio quá ngắn hoặc trống",
"Tịnh Độ Duy Tố","","Bio quá ngắn hoặc trống",
"Tử Bách Chân Khả","","Bio quá ngắn hoặc trống",
"Thị Thanh Vô Vi","","Bio quá ngắn hoặc trống",
"Thị Hớn Nhơn Thọ","","Bio quá ngắn hoặc trống",
"Thị Cảnh Viên Minh","","Bio quá ngắn hoặc trống",
"Anh Lạc Đồng Tử","","Bio quá ngắn hoặc trống",
"Bát Nhã Đa La","","Bio quá ngắn hoặc trống",
"Thiền sư","","Bio quá ngắn hoặc trống",
"Đông Thiên Trúc","","Bio quá ngắn hoặc trống",
"Nước Hương Chí","","Bio quá ngắn hoặc trống",
"Tây Thiên","","Bio quá ngắn hoặc trống",
"Truyền pháp cho Bồ Đề Đạt Ma","","Bio quá ngắn hoặc trống",
"Gặp Bồ Đề Đạt Ma và truyền pháp","","Bio quá ngắn hoặc trống",
"Hồng Châu Đồng An Oai","","Bio quá ngắn hoặc trống",
"Hải Trường Pháp Lữ","","Bio quá ngắn hoặc trống",
"Hải Hoa Phát Đạt","","Bio quá ngắn hoặc trống",
"Hải Trạch Thiền Hoa","","Bio quá ngắn hoặc trống",
"Hải Phong Vĩnh Mậu","","Bio quá ngắn hoặc trống",
"Thạch Môn Thủ Tấn","","Bio quá ngắn hoặc trống",
"Cổ Chuyết Nguyên Hậu","","Bio quá ngắn hoặc trống",
"Vô Tế Minh Ngộ","","Bio quá ngắn hoặc trống",
"Am Chủ Sam Dương","","Bio quá ngắn hoặc trống",
"Sam Dương Pháp tự","","Bio quá ngắn hoặc trống",
"Thiền Sư","","Bio quá ngắn hoặc trống",
"Tế Điền Như Bổn","","Bio quá ngắn hoặc trống",
"Đồng Phong","","Bio quá ngắn hoặc trống",
"Động Sơn Trạch Ngôn","","Bio quá ngắn hoặc trống",
"Bố-Như-Ô-Phạt-Tà","","Bio quá ngắn hoặc trống",
"Phước Sinh","","Bio quá ngắn hoặc trống",
"Tam Tạng Na Đề","","Bio quá ngắn hoặc trống",
"Thiền sư","","Bio quá ngắn hoặc trống",
"Chân Lạp","","Bio quá ngắn hoặc trống",
"Chấp Sư Tử","","Bio quá ngắn hoặc trống",
"Chùa Từ Ân","","Bio quá ngắn hoặc trống",
"Lăng Già","","Bio quá ngắn hoặc trống",
"Nam Hải","","Bio quá ngắn hoặc trống",
"Trường Phiến","","Bio quá ngắn hoặc trống",
"Bổ Đại thừa Tập nghĩa Luận","","Bio quá ngắn hoặc trống",
"Hoằng pháp","","Bio quá ngắn hoặc trống",
"Phiên dịch kinh luận","","Bio quá ngắn hoặc trống",
"Chọn chùa Từ Ân","","Bio quá ngắn hoặc trống",
"Đến Trung Hoa","","Bio quá ngắn hoặc trống",
"Sang Chân Lạp","","Bio quá ngắn hoặc trống",
"Tìm thuốc ở Côn Lôn","","Bio quá ngắn hoặc trống",
"Trở về chùa cũ","","Bio quá ngắn hoặc trống",
"Cao Tông","","Bio quá ngắn hoặc trống",
"Huyền Trang","","Bio quá ngắn hoặc trống",
"Đại sư Huyền Trang","","Bio quá ngắn hoặc trống",
"Đông Minh Huệ Nhật","","Bio quá ngắn hoặc trống",
"Trực Ông Đức Cử","","Bio quá ngắn hoặc trống",
"Đoan Tế Thiền Sư","","Bio quá ngắn hoặc trống",
"Bách Trượng Sơn","","Bio quá ngắn hoặc trống",
"Chung Lăng","","Bio quá ngắn hoặc trống",
"Đại An Tự","","Bio quá ngắn hoặc trống",
"Huyện Mân","","Bio quá ngắn hoặc trống",
"Long Hưng Tự","","Bio quá ngắn hoặc trống",
"Phúc Châu","","Bio quá ngắn hoặc trống",
"Thiên Thai","","Bio quá ngắn hoặc trống",
"Uyển Lăng","","Bio quá ngắn hoặc trống",
"Truyền Tâm Pháp Yếu","","Bio quá ngắn hoặc trống",
"Khai sáng phái Hoàng Bá","","Bio quá ngắn hoặc trống",
"Chuyển đến Khai Nguyên Tự","","Bio quá ngắn hoặc trống",
"Chuyển đến Long Hưng Tự","","Bio quá ngắn hoặc trống",
"Khai sơn Hoàng Bá Sơn","","Bio quá ngắn hoặc trống",
"Trú tại Đại An Tự","","Bio quá ngắn hoặc trống",
"Xuất gia tại Hoàng Bá Sơn","","Bio quá ngắn hoặc trống",
"Lộ Phủ Diệu Thắng Huyền Mật","","Bio quá ngắn hoặc trống",
"Hoài Châu Huyền Tuyền","","Bio quá ngắn hoặc trống",
"Trì Châu Hòa Long","","Bio quá ngắn hoặc trống",
"Lạc Kinh Bách Cốc","","Bio quá ngắn hoặc trống",
"Hoàng Long Hối Cơ","","Bio quá ngắn hoặc trống",
"TT Trừng Tường Tịnh Trí","","Bio quá ngắn hoặc trống",
"Tây Phong Kỳ Túc Khoát","","Bio quá ngắn hoặc trống",
"Nghĩa Giới","","Bio quá ngắn hoặc trống",
"Lâm Tuyền Tùng Luân","","Bio quá ngắn hoặc trống",
"Hoa Nghiêm Chí Ôn","","Bio quá ngắn hoặc trống",
"Bổn Khê","","Bio quá ngắn hoặc trống",
"Thiền sư","","Bio quá ngắn hoặc trống",
"Đan Hà","","Bio quá ngắn hoặc trống",
"Chương Tâm Phước Thường","","Bio quá ngắn hoặc trống",
"Chương Nhân Thiện Ðức","","Bio quá ngắn hoặc trống",
"Chương Lành Nguyên Từ","","Bio quá ngắn hoặc trống",
"Khoan Giáo Nhu Hòa","","Bio quá ngắn hoặc trống",
"Khoan Thông Chánh Trí","","Bio quá ngắn hoặc trống",
"Phương Văn Minh Thông","","Bio quá ngắn hoặc trống",
"Quảng Nguyệt Đức Bảo","","Bio quá ngắn hoặc trống",
"Đạo An Phổ Nhuận","","Bio quá ngắn hoặc trống",
"Đạo Thành Như Cảnh","","Bio quá ngắn hoặc trống",
"Đạo Diệu","","Bio quá ngắn hoặc trống",
"Phiệt Tô Mật Đát La","","Bio quá ngắn hoặc trống",
"Thế Hữu","","Bio quá ngắn hoặc trống",
"Bắc Ấn","","Bio quá ngắn hoặc trống",
"Ca Ma La","","Bio quá ngắn hoặc trống",
"Giáo Pháp của Những Trường Phái Khác Nhau","","Bio quá ngắn hoặc trống",
"Tác giả bộ "Giáo Pháp của Những Trường Phái Khác Nhau"","","Bio quá ngắn hoặc trống",
"Biên soạn bộ Luận Tạng Vi Diệu Pháp","","Bio quá ngắn hoặc trống",
"Giáo hóa ở Ca Ma La","","Bio quá ngắn hoặc trống",
"Chủ tọa hội nghị kết tập kinh điển lần thứ tư","","Bio quá ngắn hoặc trống",
"Tôn giả Di Già Ca","","Bio quá ngắn hoặc trống",
"Phật Đà Nan Đề","","Bio quá ngắn hoặc trống",
"Kushina","","Bio quá ngắn hoặc trống",
"Lumbini","","Bio quá ngắn hoặc trống",
"Sính Châu Đồng Tuyền","","Bio quá ngắn hoặc trống",
"Saôghanandi","","Bio quá ngắn hoặc trống",
"Tăng Già Nan Đề","","Bio quá ngắn hoặc trống",
"Tăng Khư Nan Đề","","Bio quá ngắn hoặc trống",
"Thiền sư","","Bio quá ngắn hoặc trống",
"Chùa của Tổ La Hầu La Đa","","Bio quá ngắn hoặc trống",
"Gốc cây nơi ngài viên tịch","","Bio quá ngắn hoặc trống",
"Hồng cung","","Bio quá ngắn hoặc trống",
"Nước Ma đề","","Bio quá ngắn hoặc trống",
"Thất La Phiệt","","Bio quá ngắn hoặc trống",
"Truyền pháp Thiền Tông","","Bio quá ngắn hoặc trống",
"Đắc pháp","","Bio quá ngắn hoặc trống",
"Xuất gia","","Bio quá ngắn hoặc trống",
"Đồng Thụ","","Bio quá ngắn hoặc trống",
"Đại Nguyệt Chi","","Bio quá ngắn hoặc trống",
"Đán Xóa Thi La","","Bio quá ngắn hoặc trống",
"Miền trung Thiên Trúc","","Bio quá ngắn hoặc trống",
"Sáng lập Kinh Lượng Bộ","","Bio quá ngắn hoặc trống",
"Bồ tát Anh Lạc","","Bio quá ngắn hoặc trống",
"Kiều Thi Ca","","Bio quá ngắn hoặc trống",
"Mã Minh","","Bio quá ngắn hoặc trống",
"Thánh Đề Bà","","Bio quá ngắn hoặc trống",
"Thế Thân","","Bio quá ngắn hoặc trống",
"Đạo Giả Giang Châu Song Khê Điền","","Bio quá ngắn hoặc trống",
"TT Thích Đồng Chơn","","Bio quá ngắn hoặc trống",
"Vô Chuẩn Sư Phạm","","Bio quá ngắn hoặc trống",
"Phá Am Tổ Tiên","","Bio quá ngắn hoặc trống",
"Tuyết Nham Tổ Khâm","","Bio quá ngắn hoặc trống",
"Kiền Châu Xứ Vy","","Bio quá ngắn hoặc trống",
"Đức Nhuận Thanh Thiệu","","Bio quá ngắn hoặc trống",
"Mật Ứng Huyền Cơ","","Bio quá ngắn hoặc trống",
"Diễn Triệt Hư Vân","","Bio quá ngắn hoặc trống",
"Bồ Đề Quang Dụng","","Bio quá ngắn hoặc trống",
"Khánh Thiện Thủ Long","","Bio quá ngắn hoặc trống",
"Đột Không Trí Bản","","Bio quá ngắn hoặc trống",
"Bích Thiên Thanh Không","","Bio quá ngắn hoặc trống",
"Tịnh Từ Bích","","Bio quá ngắn hoặc trống",
"Tịnh Từ Trọng Kiểu","","Bio quá ngắn hoặc trống",
"Chương Niệm Quảng Giác","","Bio quá ngắn hoặc trống",
"Chương Tánh Quảng Nhuận","","Bio quá ngắn hoặc trống",
"Chương Hương Chí Thắng","","Bio quá ngắn hoặc trống",
"Chương Tân Chánh Nhân","","Bio quá ngắn hoặc trống",
"Thụy Long Ẩn Chương","","Bio quá ngắn hoặc trống",
"Cảm Thành","","Bio quá ngắn hoặc trống",
"Thủy Lục Hồng Nghiễm","","Bio quá ngắn hoặc trống",
"Đông Thiền Khả Long","","Bio quá ngắn hoặc trống",
"Hàng Châu Bảo An Liên","","Bio quá ngắn hoặc trống",
"Long Hoa Chí Cầu","","Bio quá ngắn hoặc trống",
"Long Hoa Khế Doanh","","Bio quá ngắn hoặc trống",
"Báo Từ Tùng Hoài","","Bio quá ngắn hoặc trống",
"Thứu Lãnh Minh Viễn","","Bio quá ngắn hoặc trống",
"Tường Quang Trừng Tịnh","","Bio quá ngắn hoặc trống",
"Long Tu Đạo Ân","","Bio quá ngắn hoặc trống",
"Tân La Quy Sơn","","Bio quá ngắn hoặc trống",
"Mân Sơn Linh Hàm","","Bio quá ngắn hoặc trống",
"Thiên Tông Thủ Phê","","Bio quá ngắn hoặc trống",
"Vĩnh An Hoài Liệt","","Bio quá ngắn hoặc trống",
"Trường Khánh Hoằng Biện","","Bio quá ngắn hoặc trống",
"Đông Thiền Khế Nột","","Bio quá ngắn hoặc trống",
"Chẩm Phong Thanh Hoán","","Bio quá ngắn hoặc trống",
"Phước Châu Thạch Phật Tịnh","","Bio quá ngắn hoặc trống",
"Quảng Nghiêm Hàm Trạch","","Bio quá ngắn hoặc trống",
"Trường Khánh Thường Tuệ","","Bio quá ngắn hoặc trống",
"Báo Từ Tuệ Lãng","","Bio quá ngắn hoặc trống",
"Khai Tiên Thiệu Tông","","Bio quá ngắn hoặc trống",
"Thúy Phong Tùng Hân","","Bio quá ngắn hoặc trống",
"Báo Ân Bảo Tư","","Bio quá ngắn hoặc trống",
"Chiêu Khánh Pháp Nhân","","Bio quá ngắn hoặc trống",
"Báo Từ Quang Vân","","Bio quá ngắn hoặc trống",
"Khuynh Tâm Pháp Diễm","","Bio quá ngắn hoặc trống",
"Toàn Hiệu Gia Linh","","Bio quá ngắn hoặc trống",
"Gia Tiền","","Bio quá ngắn hoặc trống",
"Thiên Thai Vân Cư Trí","","Bio quá ngắn hoặc trống",
"Đạo Dụng Đức Quảng","","Bio quá ngắn hoặc trống",
"Kiến Sơn Kiên","","Bio quá ngắn hoặc trống",
"Bách Trượng Xiêm","","Bio quá ngắn hoặc trống",
"Thái Thú Hứa Thức Lang Trung","","Bio quá ngắn hoặc trống",
"Phật Nhật Khế Tung","","Bio quá ngắn hoặc trống",
"Đại Quy Hoài Hựu","","Bio quá ngắn hoặc trống",
"Vân Cư Hiểu Thuấn","","Bio quá ngắn hoặc trống",
"Sùng Thọ Khế Điều","","Bio quá ngắn hoặc trống",
"Thiên Đồng Tử Ngưng","","Bio quá ngắn hoặc trống",
"Chương Đàn Huyền Đạt","","Bio quá ngắn hoặc trống",
"Na Hòa Tu","","Bio quá ngắn hoặc trống",
"Thiền sư","","Bio quá ngắn hoặc trống",
"Thiết Nặc Ca","","Bio quá ngắn hoặc trống",
"Thương Na Hòa Tu","","Bio quá ngắn hoặc trống",
"Thương Nặc Ca","","Bio quá ngắn hoặc trống",
"Thương Nặc Ca Phược Sa","","Bio quá ngắn hoặc trống",
"Xá Na Ba Tư","","Bio quá ngắn hoặc trống",
"Ma Thâu Đà","","Bio quá ngắn hoặc trống",
"núi Phạm Ca La","","Bio quá ngắn hoặc trống",
"núi Tượng Bạch","","Bio quá ngắn hoặc trống",
"núi Tuyết","","Bio quá ngắn hoặc trống",
"Trá lợi","","Bio quá ngắn hoặc trống",
"Ưu Lưu Trà","","Bio quá ngắn hoặc trống",
"Vương Xá","","Bio quá ngắn hoặc trống",
"Chủ trì cuộc kết tập kinh điển lần thứ hai","","Bio quá ngắn hoặc trống",
"Hoằng pháp tại Kế Tân","","Bio quá ngắn hoặc trống",
"Hoằng pháp tại Ma Thâu Đà","","Bio quá ngắn hoặc trống",
"Xuất gia","","Bio quá ngắn hoặc trống",
"Mạc Điền","","Bio quá ngắn hoặc trống",
"Bà Xá Tư Đa","","Bio quá ngắn hoặc trống",
"Thiền sư","","Bio quá ngắn hoặc trống",
"Ca Thắng","","Bio quá ngắn hoặc trống",
"Đắc Thắng","","Bio quá ngắn hoặc trống",
"Thiên Đức","","Bio quá ngắn hoặc trống",
"Vô Ngã Tôn","","Bio quá ngắn hoặc trống",
"Thanh Thuần Hạnh Nhã","","Bio quá ngắn hoặc trống",
"Tánh Trí Giác Quang","","Bio quá ngắn hoặc trống",
"Thị An Diệu Thọ","","Bio quá ngắn hoặc trống",
"Thị Chi Diệu Quả","","Bio quá ngắn hoặc trống",
"Diên Khánh Thông Tánh","","Bio quá ngắn hoặc trống",
"Tiến Phúc Đạo Sinh","","Bio quá ngắn hoặc trống",
"Nguyên Tín Châu Đức","","Bio quá ngắn hoặc trống",
"Nguyên Cao Mãn Giác","","Bio quá ngắn hoặc trống",
"La Hán Quế Sâm","","Bio quá ngắn hoặc trống",
"Nam Đài Thủ An","","Bio quá ngắn hoặc trống",
"Thiên Long Trọng Cơ","","Bio quá ngắn hoặc trống",
"Quốc Thanh Sư Tịnh","","Bio quá ngắn hoặc trống",
"Phước Châu Vĩnh Hưng Lộc","","Bio quá ngắn hoặc trống",
"Đại Chương Khế Như","","Bio quá ngắn hoặc trống",
"Vân Phong Quang Tự","","Bio quá ngắn hoặc trống",
"Tuyền Châu Thùy Long","","Bio quá ngắn hoặc trống",
"Vụ Châu Quốc Thái Thao","","Bio quá ngắn hoặc trống",
"Loa Phong Xung Áo","","Bio quá ngắn hoặc trống",
"Hành Nhạc Nam Đài Thành","","Bio quá ngắn hoặc trống",
"An Quốc Tuệ Cầu","","Bio quá ngắn hoặc trống",
"Bạch Long Đạo Hy","","Bio quá ngắn hoặc trống",
"Thiên Tông Khế Phù","","Bio quá ngắn hoặc trống",
"Nguyệt Khê Diệu Trừng","","Bio quá ngắn hoặc trống",
"Khoan Tịnh","","Bio quá ngắn hoặc trống",
"Bác Sơn Nguyên Lai","","Bio quá ngắn hoặc trống",
"Hối Đài Nguyên Kính","","Bio quá ngắn hoặc trống",
"Vĩnh Giác Nguyên Hiền","","Bio quá ngắn hoặc trống",
"Diệu Tế Sư Hạo","","Bio quá ngắn hoặc trống",
"Bổn Trí Minh Giác","","Bio quá ngắn hoặc trống",
"Tiến","","Bio quá ngắn hoặc trống",
"Thiền sư","","Bio quá ngắn hoặc trống",
"Phan Hương Quang","","Bio quá ngắn hoặc trống",
"Viên Tu Thiền sư","","Bio quá ngắn hoặc trống",
"Chùa Linh Ẩn","","Bio quá ngắn hoặc trống",
"Chùa Quả Nguyện","","Bio quá ngắn hoặc trống",
"Chùa Tây Minh","","Bio quá ngắn hoặc trống",
"Chùa Vĩnh Phúc","","Bio quá ngắn hoặc trống",
"Núi Tần Vọng","","Bio quá ngắn hoặc trống",
"Bạch Cư Dị","","Bio quá ngắn hoặc trống",
"Huyện Phú Dương, Hàng Châu","","Bio quá ngắn hoặc trống",
"Núi Cô Sơn","","Bio quá ngắn hoặc trống",
"Báo Ân Thanh Hộ","","Bio quá ngắn hoặc trống",
"Tịnh Đức Xung Chiếu","","Bio quá ngắn hoặc trống",
"Tương Châu Định Tuệ","","Bio quá ngắn hoặc trống",
"Cổ Sơn Thanh Ngạc","","Bio quá ngắn hoặc trống",
"Tuyền Châu Phụng Hoàng Cường","","Bio quá ngắn hoặc trống",
"Long Sơn Văn Nghĩa","","Bio quá ngắn hoặc trống",
"Long Sơn Trí Tung","","Bio quá ngắn hoặc trống",
"Cổ Sơn Trí Nghiêm","","Bio quá ngắn hoặc trống",
"Bạch Vân Trí Tác","","Bio quá ngắn hoặc trống",
"Thiên Trúc Tử Nghi","","Bio quá ngắn hoặc trống",
"Nam Bình Vương Chung Truyền","","Bio quá ngắn hoặc trống",
"Hà Đông Bắc Viện Giản","","Bio quá ngắn hoặc trống",
"Bảo Phước Thanh Khoát","","Bio quá ngắn hoặc trống",
"Giác Lãng Đạo Thạnh","","Bio quá ngắn hoặc trống",
"Dạ Xa","","Bio quá ngắn hoặc trống",
"Phú Na","","Bio quá ngắn hoặc trống",
"Thiền sư","","Bio quá ngắn hoặc trống",
"Ba La Nại (Varanasi)","","Bio quá ngắn hoặc trống",
"Thành Hoa Thị (Patna)","","Bio quá ngắn hoặc trống",
"Vương quốc Kosala","","Bio quá ngắn hoặc trống",
"Giáo hóa vô lượng chúng sinh","","Bio quá ngắn hoặc trống",
"Đắc pháp từ Hiếp Tôn Giả","","Bio quá ngắn hoặc trống",
"Hoằng pháp tại Ba La Nại","","Bio quá ngắn hoặc trống",
"Thành Hoa Thị","","Bio quá ngắn hoặc trống",
"Chùa Tôn Giả Phú Na Dạ Xa","","Bio quá ngắn hoặc trống",
"Tiên An Khánh Tường","","Bio quá ngắn hoặc trống",
"Duy Châu Hóa Thành","","Bio quá ngắn hoặc trống",
"Bắc Thiền Duy Trực","","Bio quá ngắn hoặc trống",
"Tử Lăng Khuông Nhất","","Bio quá ngắn hoặc trống",
"Hư Chu Phổ Độ","","Bio quá ngắn hoặc trống",
"Thạch Tạng Tuệ Cự","","Bio quá ngắn hoặc trống",
"Trình Châu Ba Tiêu","","Bio quá ngắn hoặc trống",
"Tương Châu Quảng Đức Nghĩa","","Bio quá ngắn hoặc trống",
"Thiều Châu Long Quang","","Bio quá ngắn hoặc trống",
"Bắc Triệu Pháp Thông","","Bio quá ngắn hoặc trống",
"Thọ Ninh Thủ Kha","","Bio quá ngắn hoặc trống",
"Trung Cân Sơn Chiêu","","Bio quá ngắn hoặc trống",
"Phổ Ninh Tổ Ngộ","","Bio quá ngắn hoặc trống",
"Bắc Thiền Tông Giác","","Bio quá ngắn hoặc trống",
"Long An Thế Năng","","Bio quá ngắn hoặc trống",
"Thắng Quả Ðạo Hòa","","Bio quá ngắn hoặc trống",
"Tử Lăng Tổ","","Bio quá ngắn hoặc trống",
"Kinh Châu Công An Mẫn","","Bio quá ngắn hoặc trống",
"Diệu Tuệ","","Bio quá ngắn hoặc trống",
"Bạch Mã Hy","","Bio quá ngắn hoặc trống",
"Đời Thứ 77","","Bio quá ngắn hoặc trống",
"Hải Tại Trí Thiếp","","Bio quá ngắn hoặc trống",
"Thiền sư","","Bio quá ngắn hoặc trống",
"Ma Đề","","Bio quá ngắn hoặc trống",
"núi Bảo Lạc Ca","","Bio quá ngắn hoặc trống",
"Truyền pháp Thiền Tông Ấn Độ","","Bio quá ngắn hoặc trống",
"Bách Nham Định Châu","","Bio quá ngắn hoặc trống",
"Góp ý với Hòa thượng Dược Sơn Duy Nghiễm về việc xem kinh","","Bio quá ngắn hoặc trống",
"法 tự đời thứ hai của Nam Nhạc Hoài Nhượng Pháp tự của Mã Tổ Đạo Nhất","","Bio quá ngắn hoặc trống",
"Minh Triết","","Bio quá ngắn hoặc trống",
"Thiền Sư","","Bio quá ngắn hoặc trống",
"Dược Sơn Duy Nghiễm","","Bio quá ngắn hoặc trống",
"Đàm Châu Sơn Câu Cốc","","Bio quá ngắn hoặc trống",
"Mục Châu Kỉnh Liên","","Bio quá ngắn hoặc trống",
"Tào Lãng Pháp Thao","","Bio quá ngắn hoặc trống",
"Tương Châu Thứu Lãnh","","Bio quá ngắn hoặc trống",
"Phước Châu Chẩm Phong","","Bio quá ngắn hoặc trống",
"Tuyền Châu Tây Minh Thâm","","Bio quá ngắn hoặc trống",
"Diên Thọ Tuệ Luân","","Bio quá ngắn hoặc trống",
"Khang Sơn Khế Ẩn","","Bio quá ngắn hoặc trống",
"Phước Châu Thăng Sơn Nhu","","Bio quá ngắn hoặc trống",
"Hồng Châu Kiến Sơn Trừng","","Bio quá ngắn hoặc trống",
"Lãng Châu Đức Sơn Hải","","Bio quá ngắn hoặc trống",
"Lãng Châu Lương Sơn Giản","","Bio quá ngắn hoặc trống",
"Báo Ân Hạnh Sùng","","Bio quá ngắn hoặc trống",
"Phước Châu Vĩnh Long Doanh","","Bio quá ngắn hoặc trống",
"Phụng Hoàng Tùng Thâm","","Bio quá ngắn hoặc trống",
"Chương Châu Báo Ân Hy","","Bio quá ngắn hoặc trống",
"Thanh Tuyền Thủ Thanh","","Bio quá ngắn hoặc trống",
"Vạn An Thanh Vận","","Bio quá ngắn hoặc trống",
"Chương Giang Tuệ Khiêm","","Bio quá ngắn hoặc trống",
"Bạch Thủy Như Tân","","Bio quá ngắn hoặc trống",
"Chiêu Khánh Tỉnh Đăng","","Bio quá ngắn hoặc trống",
"Chương Châu Nhạc Lộc","","Bio quá ngắn hoặc trống",
"Báo Từ Văn Khâm","","Bio quá ngắn hoặc trống",
"Tuyền Châu Hậu Chiếu Khánh","","Bio quá ngắn hoặc trống",
"Bảo Phước Khả Trù","","Bio quá ngắn hoặc trống",
"Văn Ích Pháp Nhãn","","Bio quá ngắn hoặc trống",
"Tây Sơn Đạo Tùng","","Bio quá ngắn hoặc trống",
"Long Hưng Đức Tân","","Bio quá ngắn hoặc trống",
"Đại Minh Đạo Mai","","Bio quá ngắn hoặc trống",
"Bổn Bình Đạo Đạt","","Bio quá ngắn hoặc trống",
"Thăng Châu Hoa Nghiêm U","","Bio quá ngắn hoặc trống",
"Kim Lăng Bảo An Chỉ","","Bio quá ngắn hoặc trống",
"Phật Thủ Nham Nhân","","Bio quá ngắn hoặc trống",
"Giang Tây Linh Sơn","","Bio quá ngắn hoặc trống",
"Đàm Châu Thạch Sương Sảng","","Bio quá ngắn hoặc trống",
"Thiền Khê Khả Trang","","Bio quá ngắn hoặc trống",
"Hồng Châu Vĩnh An Minh","","Bio quá ngắn hoặc trống",
"Xá Lợi Huyền Xiển","","Bio quá ngắn hoặc trống",
"Quy Tông Mộng Khâm","","Bio quá ngắn hoặc trống",
"Quy Tông Tĩnh Nhất","","Bio quá ngắn hoặc trống",
"Quy Tông Sư Tuệ","","Bio quá ngắn hoặc trống",
"Nhiêu Châu Chi Lãnh Chiếu","","Bio quá ngắn hoặc trống",
"Kinh Châu Hộ Quốc Mại","","Bio quá ngắn hoặc trống",
"Thượng Phương Tuệ Anh","","Bio quá ngắn hoặc trống",
"Quy Tông Nghĩa Nhu","","Bio quá ngắn hoặc trống",
"Nhân Vương Duyên Thắng","","Bio quá ngắn hoặc trống",
"Đại Lâm Tăng Độn","","Bio quá ngắn hoặc trống",
"Kinh Môn Thượng Tuyền","","Bio quá ngắn hoặc trống",
"Cao Ly Linh Giám","","Bio quá ngắn hoặc trống",
"Vĩnh Minh Đạo Hồng","","Bio quá ngắn hoặc trống",
"Ngạc Châu Hoàng Long Nhân","","Bio quá ngắn hoặc trống",
"Hóa Thành Tuệ Lãng","","Bio quá ngắn hoặc trống",
"Phủ Châu Phú Thuyền","","Bio quá ngắn hoặc trống",
"Thượng Lam Thủ Nạp","","Bio quá ngắn hoặc trống",
"Hưng Phước Khả Huân","","Bio quá ngắn hoặc trống",
"Trạch Châu Cổ Hiền Cẩn","","Bio quá ngắn hoặc trống",
"Tiến Phước Thiệu Minh","","Bio quá ngắn hoặc trống",
"Hồng Châu Tân Hưng Tế","","Bio quá ngắn hoặc trống",
"Hưng Thiện Thê Luân","","Bio quá ngắn hoặc trống",
"Chánh Cần Hy Phụng","","Bio quá ngắn hoặc trống",
"Trường An Diên Quy","","Bio quá ngắn hoặc trống",
"Thê Hiền Tuệ Viên","","Bio quá ngắn hoặc trống",
"Đồng An Thiệu Hiển","","Bio quá ngắn hoặc trống",
"Bát Nhã Kỉnh Tuân","","Bio quá ngắn hoặc trống",
"Báo Ân Pháp An","","Bio quá ngắn hoặc trống",
"Bảo Tháp Thiệu Nham","","Bio quá ngắn hoặc trống",
"Thanh Lương Thái Khâm","","Bio quá ngắn hoặc trống",
"Đạo Phong Tuệ Cư","","Bio quá ngắn hoặc trống",
"Tịnh Đức Trí Quân","","Bio quá ngắn hoặc trống",
"Linh Ẩn Thanh Tùng","","Bio quá ngắn hoặc trống",
"Hoàng Sơn Lương Khuông","","Bio quá ngắn hoặc trống",
"Phụng Tiên Pháp Hoài","","Bio quá ngắn hoặc trống",
"Báo Từ Văn Toại","","Bio quá ngắn hoặc trống",
"La Hán Trí Y","","Bio quá ngắn hoặc trống",
"Báo Ân Tuệ Minh","","Bio quá ngắn hoặc trống",
"Khuông Dật Báo Ân","","Bio quá ngắn hoặc trống",
"Quán Âm Tùng Hiển","","Bio quá ngắn hoặc trống",
"Vĩnh Minh Đạo Tiềm","","Bio quá ngắn hoặc trống",
"Báo Từ Hành Ngôn","","Bio quá ngắn hoặc trống",
"Báo Ân Huyền Tắc","","Bio quá ngắn hoặc trống",
"Quy Tông Sách Chân","","Bio quá ngắn hoặc trống",
"Quốc Sư Thiên Thai Đức Thiều","","Bio quá ngắn hoặc trống",
"Diên Khánh Truyền Ân","","Bio quá ngắn hoặc trống",
"Hàng Châu Thiên Long Tú","","Bio quá ngắn hoặc trống",
"Thanh Lương Hưu Phục","","Bio quá ngắn hoặc trống",
"Thanh Khê Hồng Tấn","","Bio quá ngắn hoặc trống",
"Long Tế Thiệu Tu","","Bio quá ngắn hoặc trống",
"Cốc Sơn Hải","","Bio quá ngắn hoặc trống",
"Bất Như Mật Đa","","Bio quá ngắn hoặc trống",
"Purjamitra","","Bio quá ngắn hoặc trống",
"Thiền sư","","Bio quá ngắn hoặc trống",
"Miền Đông Ấn Độ","","Bio quá ngắn hoặc trống",
"Nam Ấn Độ","","Bio quá ngắn hoặc trống",
"Giáo hóa ở miền Đông Ấn Độ","","Bio quá ngắn hoặc trống",
"Bồ tát Đại Thế Chí","","Bio quá ngắn hoặc trống",
"Phạm Chí Trường Trảo","","Bio quá ngắn hoặc trống",
"Vua Đắc Thắng","","Bio quá ngắn hoặc trống",
"Vua Kiên Cố","","Bio quá ngắn hoặc trống",
"Đồng tử Anh Lạc (Bồ tát Đại Thế Chí)","","Bio quá ngắn hoặc trống",
"TT Thích Hạnh Tuấn","","Bio quá ngắn hoặc trống",
"Quân Châu Hoàng Bá Doanh","","Bio quá ngắn hoặc trống",
"Đại An Truyền Tánh","","Bio quá ngắn hoặc trống",
"Hoàng Bá Linh Ước","","Bio quá ngắn hoặc trống",
"Dương Châu Tường Quang Viễn","","Bio quá ngắn hoặc trống",
"Võ Châu Sơ Sơn","","Bio quá ngắn hoặc trống",
"Tây Khê Đạo Thái","","Bio quá ngắn hoặc trống",
"Ngũ Phong Hành Kế","","Bio quá ngắn hoặc trống",
"Tương Châu Động Sơn Hậu","","Bio quá ngắn hoặc trống",
"Thường Châu Chánh Cần Uẩn","","Bio quá ngắn hoặc trống",
"Hồng Châu Thiên Vương Viện","","Bio quá ngắn hoặc trống",
"An Châu Đại An Tỉnh","","Bio quá ngắn hoặc trống",
"Hồng Châu Bách Trượng Siêu","","Bio quá ngắn hoặc trống",
"Kinh Triệu Tam Tướng","","Bio quá ngắn hoặc trống",
"Quân Châu Hoàng Bá Tuệ","","Bio quá ngắn hoặc trống",
"Linh Tuyền Quy Nhân","","Bio quá ngắn hoặc trống",
"Hồng Châu Bách Trượng An","","Bio quá ngắn hoặc trống",
"Diên Khánh Phụng Lân","","Bio quá ngắn hoặc trống",
"Sơ Sơn Chứng","","Bio quá ngắn hoặc trống",
"Hộ Quốc Thủ Trừng","","Bio quá ngắn hoặc trống",
"Thích Nữ Chúc Tâm","","Bio quá ngắn hoặc trống",
"Hậu Hoành Nhạc Kim Luân","","Bio quá ngắn hoặc trống",
"Linh Ẩn Chi Thiện","","Bio quá ngắn hoặc trống",
"Kính Sơn Thiện Trân","","Bio quá ngắn hoặc trống",
"Long Sách Tử Hưng","","Bio quá ngắn hoặc trống",
"Tri Mặc Phật Áo","","Bio quá ngắn hoặc trống",
"Kinh Triệu Hương Thành","","Bio quá ngắn hoặc trống",
"Khoát Đường Đại Văn","","Bio quá ngắn hoặc trống",
"Trúc Am Đại Thành","","Bio quá ngắn hoặc trống",
"Nguyên Thiều Siêu Bạch","","Bio quá ngắn hoặc trống",
"Linh Thứu Tuệ Giác","","Bio quá ngắn hoặc trống",
"Đắc pháp","","Bio quá ngắn hoặc trống",
"Giáo hóa tại miền bắc Ấn Độ","","Bio quá ngắn hoặc trống",
"Tự thiêu","","Bio quá ngắn hoặc trống",
"Miền bắc Ấn Độ","","Bio quá ngắn hoặc trống",
"Đại Phụng Ngạn Tân","","Bio quá ngắn hoặc trống",
"Tuệ Nhật Huyền Ngạc","","Bio quá ngắn hoặc trống",
"Tân La Tuệ Vân","","Bio quá ngắn hoặc trống",
"Sính Châu Hưng Dương Sơn","","Bio quá ngắn hoặc trống",
"Đông Thiền Huyền Giai","","Bio quá ngắn hoặc trống",
"Tam Giác Chân Giám","","Bio quá ngắn hoặc trống",
"Tứ Tổ Thanh Hạo","","Bio quá ngắn hoặc trống",
"Tấn Châu Hưng Giáo Phổ","","Bio quá ngắn hoặc trống",
"Bạch Triệu Hoài Sở","","Bio quá ngắn hoặc trống",
"Đại Dương Hành Xung","","Bio quá ngắn hoặc trống",
"Tam Giác Chí Thao","","Bio quá ngắn hoặc trống",
"Đại Long Trí Hồng","","Bio quá ngắn hoặc trống",
"Bạch Mã Hành Ái","","Bio quá ngắn hoặc trống",
"Đạo Đức","","Bio quá ngắn hoặc trống",
"Song Khê Duẫn Quang","","Bio quá ngắn hoặc trống",
"Viên Thông Duyên Đức","","Bio quá ngắn hoặc trống",
"Thiền sư","","Bio quá ngắn hoặc trống",
"Ca Ma Lũ Ba","","Bio quá ngắn hoặc trống",
"Đề Già","","Bio quá ngắn hoặc trống",
"Truyền bá Phật pháp Tiểu Thừa","","Bio quá ngắn hoặc trống",
"Giáo hóa tại Đề Già","","Bio quá ngắn hoặc trống",
"Xuất gia","","Bio quá ngắn hoặc trống",
"Câu Ma La","","Bio quá ngắn hoặc trống",
"Huyền Trang","","Bio quá ngắn hoặc trống",
"Phục Đà Mật Đa","","Bio quá ngắn hoặc trống",
"La Hầu La Da","","Bio quá ngắn hoặc trống",
"Thiền sư","","Bio quá ngắn hoặc trống",
"Truyền pháp cho Tăng Già Nan Đề","","Bio quá ngắn hoặc trống",
"Á Tùng Thánh","","Bio quá ngắn hoặc trống",
"Thái Dương Cảnh Huyền","","Bio quá ngắn hoặc trống",
"Gia Tường Cát Tạng","","Bio quá ngắn hoặc trống",
"Thái Thú Lễ Châu Lôi Mãn","","Bio quá ngắn hoặc trống",
"Thượng Lam Tự Cổ","","Bio quá ngắn hoặc trống",
"Thúy Nghiêm Sư Âm","","Bio quá ngắn hoặc trống",
"Chương Châu Bảo Phước","","Bio quá ngắn hoặc trống",
"Hòa Sơn Khế Vân","","Bio quá ngắn hoặc trống",
"Vĩnh An Tuệ Độ","","Bio quá ngắn hoặc trống",
"Tào Sơn Nghĩa Sùng","","Bio quá ngắn hoặc trống",
"Klu-sgrub","","Bio quá ngắn hoặc trống",
"Long Mãnh","","Bio quá ngắn hoặc trống",
"龍樹","","Bio quá ngắn hoặc trống",
"Long Thăng","","Bio quá ngắn hoặc trống",
"Nāgārjuna","","Bio quá ngắn hoặc trống",
"Ryūju","","Bio quá ngắn hoặc trống",
"Thiền sư","","Bio quá ngắn hoặc trống",
"Kiều Tát La","","Bio quá ngắn hoặc trống",
"Miền Nam Ấn Độ","","Bio quá ngắn hoặc trống",
"Tuyết Sơn","","Bio quá ngắn hoặc trống",
"Bảo Hành Vương Chánh Luận","","Bio quá ngắn hoặc trống",
"Bồ Đề Tư Lương Luận Tụng","","Bio quá ngắn hoặc trống",
"Đại Thừa Nhị Thập Tụng Luận","","Bio quá ngắn hoặc trống",
"Đại Trí Độ Luận","","Bio quá ngắn hoặc trống",
"Hồi Tránh Luận","","Bio quá ngắn hoặc trống",
"Kệ Căn Bản về Trung Đạo","","Bio quá ngắn hoặc trống",
"Không Thất Thập Luận","","Bio quá ngắn hoặc trống",
"Long Thọ Bồ Tát Khuyến Giới Vương Luận","","Bio quá ngắn hoặc trống",
"Lục Thập Tụng Như Lý Luận","","Bio quá ngắn hoặc trống",
"Quảng Phá Luận","","Bio quá ngắn hoặc trống",
"Thập Nhị Môn Luận","","Bio quá ngắn hoặc trống",
"Thập Trụ Tỳ Bà Sa Luận","","Bio quá ngắn hoặc trống",
"Trung Quán Luận","","Bio quá ngắn hoặc trống",
"Hình thành hệ thống giáo học và tuyên dương tư tưởng Đại Thừa","","Bio quá ngắn hoặc trống",
"Đóng góp quan trọng vào sự phát triển của Tịnh Độ Tông","","Bio quá ngắn hoặc trống",
"Khai sáng và phát triển phái Trung Quán","","Bio quá ngắn hoặc trống",
"Đắc pháp từ Tôn giả Ca Tỳ Ma La","","Bio quá ngắn hoặc trống",
"Tỉnh ngộ sau khi phạm tội","","Bio quá ngắn hoặc trống",
"Tranh luận và đánh bại ngoại đạo","","Bio quá ngắn hoặc trống",
"Truyền pháp cho Ca Na Đề Bà","","Bio quá ngắn hoặc trống",
"Đại Long Bồ Tát","","Bio quá ngắn hoặc trống",
"Dẫn Chính","","Bio quá ngắn hoặc trống",
"Ca Na Đề Bà (Thánh Thiên)","","Bio quá ngắn hoặc trống",
"Vua Yajnasri Gautamiputra","","Bio quá ngắn hoặc trống",
"An Châu Mục","","Bio quá ngắn hoặc trống",
"Long Hội Sơn Giám","","Bio quá ngắn hoặc trống",
"Miên Trúc Diên Tuệ","","Bio quá ngắn hoặc trống",
"Cát Châu Uông Sơn","","Bio quá ngắn hoặc trống",
"Thành Tiến Bảo Ứng","","Bio quá ngắn hoặc trống",
"Quán Châu Linh Nham","","Bio quá ngắn hoặc trống",
"Trọng Mãn Hưng Thánh","","Bio quá ngắn hoặc trống",
"Đạo Ngô Tùng Thạnh","","Bio quá ngắn hoặc trống",
"La Sơn Nghĩa Nhân","","Bio quá ngắn hoặc trống",
"Kim Trụ Nghĩa Chiêu","","Bio quá ngắn hoặc trống",
"Đàm Châu Cốc Sơn","","Bio quá ngắn hoặc trống",
"Thiên Trúc Nghĩa Chứng","","Bio quá ngắn hoặc trống",
"Thanh Bình Duy Khoáng","","Bio quá ngắn hoặc trống",
"Tây Sơn Tuệ","","Bio quá ngắn hoặc trống",
"Bạch Vân Linh Yểm","","Bio quá ngắn hoặc trống",
"La Sơn Thiệu Du","","Bio quá ngắn hoặc trống",
"Đại Ninh Ẩn Vi","","Bio quá ngắn hoặc trống",
"Hành Châu Hoa Quang Phạm","","Bio quá ngắn hoặc trống",
"Minh Chiêu Đức Khiêm","","Bio quá ngắn hoặc trống",
"TT Thích Nguyên Hiền","","Bio quá ngắn hoặc trống",
"Lô Sơn Trì Long Sơn Chủ","","Bio quá ngắn hoặc trống",
"Thục Xuyên Tây Thiền","","Bio quá ngắn hoặc trống",
"Tây Xuyên Bố Thủy Nham","","Bio quá ngắn hoặc trống",
"Xứ Châu Quảng Lợi Dung","","Bio quá ngắn hoặc trống",
"Tiểu Khê Hành Truyền","","Bio quá ngắn hoặc trống",
"Thiều Châu Hoa Nghiêm","","Bio quá ngắn hoặc trống",
"Dục Vương Hoằng Thông","","Bio quá ngắn hoặc trống",
"Tào Sơn Tuệ Hà","","Bio quá ngắn hoặc trống",
"Kim Phong Tùng Chí","","Bio quá ngắn hoặc trống",
"Hà Ngọc Quang Tuệ","","Bio quá ngắn hoặc trống",
"Động Sơn Đạo Diên","","Bio quá ngắn hoặc trống",
"Lộc Môn Xử Chân","","Bio quá ngắn hoặc trống",
"Thảo Am Pháp Nghĩa","","Bio quá ngắn hoặc trống",
"Giác Tâm","","Bio quá ngắn hoặc trống",
"Hương Chúng","","Bio quá ngắn hoặc trống",
"Thiền sư","","Bio quá ngắn hoặc trống",
"Nhận pháp từ Ưu Ba Cúc Đa","","Bio quá ngắn hoặc trống",
"Truyền pháp cho Di Già Ca","","Bio quá ngắn hoặc trống",
"Ma Già Đà","","Bio quá ngắn hoặc trống",
"Mạt Thể Đề Xá","","Bio quá ngắn hoặc trống",
"Giác Thân","","Bio quá ngắn hoặc trống",
"Thiền sư","","Bio quá ngắn hoặc trống",
"Tra Lan Đạt La","","Bio quá ngắn hoặc trống",
"Giáo hóa Phật giáo tại miền Trung Ấn Độ","","Bio quá ngắn hoặc trống",
"Tranh luận với các giáo sĩ Bà La Môn và thuyết phục vua cải sang đạo Phật","","Bio quá ngắn hoặc trống",
"Tranh luận với nhà tu khổ hạnh và thuyết phục ông ta cùng 500 đệ tử cải sang đạo Phật","","Bio quá ngắn hoặc trống",
"Hương Cái","","Bio quá ngắn hoặc trống",
"Nan Sanh","","Bio quá ngắn hoặc trống",
"Thị Bản Hạnh Thiện","","Bio quá ngắn hoặc trống",
"Huỳnh Sinh Thiệu Cẩn","","Bio quá ngắn hoặc trống",
"Hàm Nham Nghĩa Y","","Bio quá ngắn hoặc trống",
"Phước Châu An Quốc Tường","","Bio quá ngắn hoặc trống",
"Phước Châu Thiên Tông Minh","","Bio quá ngắn hoặc trống",
"Phước Châu Hưng Thánh Mãn","","Bio quá ngắn hoặc trống",
"Lâm Dương Chí Đoan","","Bio quá ngắn hoặc trống",
"Vĩnh Long Ngạn Đoan","","Bio quá ngắn hoặc trống",
"An Quốc Tùng Quý","","Bio quá ngắn hoặc trống",
"La Sơn Nghĩa Thông","","Bio quá ngắn hoặc trống",
"Bạch Lộc Sư Quý","","Bio quá ngắn hoặc trống",
"Di Sơn Tạng Dụng","","Bio quá ngắn hoặc trống",
"Kinh Triệu Bảo Phước","","Bio quá ngắn hoặc trống",
"Thần Quang Ðạo Tân","","Bio quá ngắn hoặc trống",
"Long Tường Ðạo Huy","","Bio quá ngắn hoặc trống",
"Từ Minh Huệ Nhật","","Bio quá ngắn hoặc trống",
