Tên Thiền Sư Mới,Số Lần Xuất Hiện,Trích Từ (file TTL),Trích Đoạn Bio
Như Sơn,2,tu-son-hanh-nhat,Tìm Hiểu Về Thiền Sư Như Sơn Thích Đồng Dưỡng Tập Kế đăng
Đại Tuệ trông,1,thien-dong-dam-hoa,"ỉ dạy của Sư đến đó. Thiền sư Đại Tuệ trông thấy, hết lời tán thán, lại d"
Phật Đăng,1,phan-luong-quy,"Sau đó, nương tựa Thiền sư Phật Đăng (Tuân) qua thời gian lâu mà k"
Chí Thiêm,1,khai-nguyen-chi-khiem,"Thiền sư Chí Thiêm ở Khai Nguyên  Thiền sư Chí"
Tuệ Nam sang,1,lac-dam-khac-van,"mừng đó.  Đến lúc Thiền sư Tuệ Nam sang Hoàng Long, Sư lại đến đó. Th"
Chân Giác Duy,1,lac-dam-khac-van,đến đó. Vừa gặp lúc Thiền sư Chân Giác Duy Thắng làm thủ tòa. Một ngày n
Đại Tuệ khua,1,giao-trung-di-quang,"Sư liền đại ngộ.  Thiền sư Đại Tuệ khua trống báo đại chúng rằng:"
Phật Tâm,1,giao-trung-di-quang,"ư bèn trở về bái yết Thiền sư Phật Tâm.  Gặp Thiền sư Đại Tuệ – Tô"
Đại Tuệ qua,1,giao-trung-di-quang,"có câu không.  Lúc Thiền sư Đại Tuệ qua am Vân Môn, Sư đi theo hầu. M"
Đạo Ngưng,1,hue-huy-tu-dac,"hỏ, Sư đến nương tựa Thiền sư Đạo Ngưng – Trừng Chiếu, xuất gia, thọ"
Giác Minh,1,hue-huy-tu-dac,ân tại phía hữu tháp Thiền sư Giác Minh.
Tuệ Huy,1,hue-huy-tu-dac,Thiền sư Tuệ Huy – Tự Đắc ở Tịnh Từ Thiền sư T
Vĩnh Minh Diên,1,dai-mai-phap-thuong,"1 quyển.  Về sau, Thiền sư Vĩnh Minh Diên Thọ tán thán Đại Mai với bài"
Hoài Huy,1,chuong-kinh-hoai-uan,"Thiền Sư Hoài Huy Pháp tự đời thứ hai của Nam"
Viên Ngộ ngay,1,trung-truc-trung-nhan,"Sư phỏng nghĩ đáp, Thiền sư Viên Ngộ ngay thẳng miệng Sư đánh một cái,"
Tuyết Phong phương,1,tuyet-phong-nghia-ton,thọ 59. Dị bản chép: Thiền sư Tuyết Phong phương tiện khai thị tập thuật mục đ
Tuệ Lăng,1,truong-khanh-hue-lang,"ểu sử tối lược giản: Thiền sư Tuệ Lăng, họ Tôn, người Diêm Quan Hàng"
Mẫn sắp viên,1,van-mon-van-yen,"nh Thọ ở Thiều Châu. Thiền sư Mẫn sắp viên tịch, viết thư cho Quảng chủ,"
Đảnh Nhu,1,tay-thien-danh-nhu,"Thiền sư Đảnh Nhu – Lại Am ở Tây Thiền Thiền s"
Viên Ngộ không,1,chieu-giac-dao-nguyen,"iết mà tỏ bày, nhưng Thiền sư Viên Ngộ không hứa khả.  Khi Thiền sư Viên"
Diễn không thôi,1,thai-binh-hue-can-phat-giam,"đóng cửa ngủ, Sư hận Thiền sư Diễn không thôi.  Thiền sư Viên Ngộ đã kín"
Viên Ngộ trưng,1,thai-binh-hue-can-phat-giam,"lý có thể trình bày, Thiền sư Viên Ngộ trưng bảo:  – Đã gọi là gom không"
Tâm Trung Nhơn,1,te-hien-buu-duong,"g mùa pháp nạn 1963. Thiền sư Tâm Trung Nhơn Thứ, người thắp ngọn đuốc tuệ"
Đại Tuệ không,1,kinh-son-lieu-minh,"Thường trong thất, Thiền sư Đại Tuệ không hứa cho các nạp tử mở miệng h"
Viên Ngộ qua,1,duc-vuong-tuan-phac,đến tham hỏi đạo nơi Thiền sư Viên Ngộ qua vài năm. Sau đó trở về quê hư
Đại Tuệ niêm,1,ngoc-tuyen-dam-y,"ở Ngọc Tuyền, Sư vì Thiền sư Đại Tuệ niêm hương tiếp nối Tỉnh Tuệ ở Tiể"
Uẩn Văn,1,tuyet-phong-uan-van,"Thiền sư Uẩn Văn – Phổ Từ ở Tuyết Phong Thiền"
Đại Tuệ treo,1,tu-tho-dieu-tong,"g Tiếp kinh ngạc.  Thiền sư Đại Tuệ treo bảng, lần lượt Ni sư vào thất"
Tuệ Giác nâng,1,thien-thanh-hao-thai,"chỉ chuộng hưởng.  Thiền sư Tuệ Giác nâng lên mở miệng, nói: – Canh nă"
Phật Tánh trông,1,tuong-nhi-vien-giac,Sư trở về lại tỉnh. Thiền sư Phật Tánh trông thấy Sư bèn gập đầu chấp thuậ
Triệu Châu niêm,1,hoa-tang-an-dan,"ba lần gọi thị giả, Thiền sư Triệu Châu niêm rằng:  Như người viết chữ t"
Phổ Khoan,1,ty-ni-da-luu-chi,"Viên, Diệu Tiên… - Thiền sư Phổ Khoan-Huệ Thạnh, Thích Luyện Tâm."
Chiếu Tuyên,1,ty-ni-da-luu-chi,"Thích Luyện Tâm. - Thiền sư Chiếu Tuyên.  ---o0o---  Kiến Trúc Ch"
Tánh Tuyên sinhnăm,1,ty-ni-da-luu-chi,"a vị Tổ của chùa. - Thiền sư Tánh Tuyên sinhnăm Canh Thìn (1700), tịch vào ng"
Hoa Nghiêm lưu,1,so-son-quang-nhan,ợc luận thuyết của Trưởng lão Hoa Nghiêm lưu truyền trong đời.
Đam Nguyên,1,nguong-son-hue-tich,"Ban đầu, sư đến bái Thiền sư Đam Nguyên, ngộ được huyền chỉ. Đam Ngu"
Qui Ngưỡng Sơn,1,nguong-son-hue-tich,ơ duyên vấn đáp giữa Thiền sư Qui Ngưỡng Sơn Huệ Tịch và một vị Tăng. Theo
Qui Sơn Linh,1,nguong-son-hue-tich,"sau, sư đến tham vấn Thiền sư Qui Sơn Linh Hựu và thành đệ tử ruột 1 đượ"
Đại Bửu khai,1,dai-buu-kim-cang,"ứ 22 (1761), tức năm Thiền sư Đại Bửu khai sơn chùa Sa Long. Quả là “châ"
Thiệt Địa viên,1,thiet-dia-phap-an,n tịch và Tưởng niệm Thiền sư Thiệt Địa viên tịch vào ngày 24 tháng 3 năm
Tuệ Nam viên,1,lac-dam-hong-anh,"ua mùa xuân năm sau, Thiền sư Tuệ Nam viên tịch. Đến tháng mười, Sư theo"
Linh Hựu xem,1,linh-van-chi-can,"nay hết nghi thôi. Thiền sư Linh Hựu xem kệ, hỏi điều sư đã ngộ, cùng"
Điển Ngưu,1,kinh-son-tri-sach,"n Dự Chương, bái yết Thiền sư Điển Ngưu. Đường đi do từ Vân Cư nhưng"
Động Phu,1,huong-nghiem-dong-phu,"Thiền sư Động Phu ở Hương nghiêm Thiền sư Động"
Đạo Trăng,1,tinh-nhan-dao-trang,"Thiền sư Đạo Trăng – Tịnh Chiếu ở Tịnh nhân  T"
Đức Thăng,1,van-cu-duc-thang,"Thiền sư Đức Thăng – Ngoan Am ở Vân Cư Thiền sư"
Hoàng ngày nay,1,ha-bac-tri-hoang,không có tiếng nói: “Thiền sư Hoàng ngày nay được đạo”. Trí Hoàng sau đó l
Đạo Xuyên,1,da-phu-dao-xuyen,"Thiền sư Đạo Xuyên ở Dã phụ  Thiền sư Đạo Xuyê"
Tôi dùng tâm,1,tri-hai-dao-binh,"ất chẳng biết môn hạ Thiền sư Tôi dùng tâm truyền tâm, dùng pháp ấn pháp"
Thủy Nguyệt nghe,1,tong-dien-chan-dung,"rời hiện trên cao).  Thiền sư Thủy Nguyệt nghe bài kệ, liền bước xuống vỗ va"
Thanh Lãng Khoan,1,khoan-duc-thanh-lang,thống Đạo Nguyên hay Thiền sư Thanh Lãng Khoan Dực có nhiều đệ tử rất nổi ti
Thanh Lãng viên,1,khoan-duc-thanh-lang,"tựa. Hiện chưa biết Thiền sư Thanh Lãng viên tịch vào năm nào, chỉ biết là"
Chân Nguyên,1,minh-lieu-luc-hoa,Na Thái Tử Hành” của Thiền sư Chân Nguyên. Trong khoảng niên hiệu Minh
Giác Lâm Minh,1,minh-lieu-luc-hoa,sư Hải Điện-Mật Đa). Thiền sư Giác Lâm Minh Liễu là sư đệ của Thiền sư Mi
Minh Chánh Thanh,1,minh-lieu-luc-hoa,nh Liễu là sư đệ của Thiền sư Minh Chánh Thanh Đàm (hay là Giác Đạo Tuân). S
Thường Tổng nâng,1,van-sam-thieu-tu,"yền vật gì chăng?  Thiền sư Thường Tổng nâng cây phất trần lên.  Sư lại"
Chơn Linh,1,tanh-thien-an-cu,nên Long vị ghi là: Thiền sư Chơn Linh. Tháp của Hòa thượng nằm quan
Viễn đấm ngay,1,dao-trang-minh-bien,"Sư định trả lời. Thiền sư Viễn đấm ngay vào miệng Sư và bảo:  – Khô"
Giác Ngộ xây,1,tanh-thong-giac-ngo,"lên ngôi (năm 1802), Thiền sư Giác Ngộ xây dựng lại chùa Bát Nhã và đúc"
Chuyết Chuyết thông,1,vien-van-chuyet-cong,"ước). Hòa nhận thấy Thiền sư Chuyết Chuyết thông minh và đạo đức phẩm hạnh cao"
Minh Hành biên,1,vien-van-chuyet-cong,錄là văn bản do chính Thiền sư Minh Hành biên tập: 祖師諱圓炆號拙拙閩甸清漳海澄漸山人Tổ sư h
Bản Như khuyên,1,tinh-do-duy-chinh,"xét nghề tại Hữu Ty, Thiền sư Bản Như khuyên Sư nên đối trước tôn tượng Bồ"
Tông Liêu,1,ngoc-tuyen-tong-lien,"Thiền sư Tông Liêu – Cùng Cốc ở Ngọc Tuyền  Th"
Viễn khuyên răn,1,van-cu-phap-nhu,"g nên cố chối từ.  Thiền sư Viễn khuyên răn: – Mới đầu đến nhậm chức, tr"
Viễn ngợi khen,1,quy-tong-chanh-hien,"u lớp lớp chẳng hết. Thiền sư Viễn ngợi khen Sư khéo giỏi, nhân đó tự tay"
Tuệ Nam nghe,1,khai-nguyen-tu-kha,"xa thời sự làm gì? Thiền sư Tuệ Nam nghe vậy càng lấy làm kỳ lạ. Từ đó"
Viễn Công,1,giac-a,"hánh triều, nghe tên Thiền sư Viễn Công, nên đặc biệt đến nơi trượng"
Hạnh Đoan,1,kinh-son-hanh-doan,"Thiền sư Hạnh Đoan – Nguyên Sưu ở Kính Sơn Thiề"
Hỗn Nguyên,1,thien-muc-van-le,Tịnh Từ dự tham nơi Thiền sư Hỗn Nguyên. Thiền sư Hỗn Nguyên nêu cử c
